,rfid,animal_id_given_by_breeder,sex,cohort,site,escalation_of_heroin_intake_12h,total_heroin_consumption,bp,tail_flick_bl2,regressedlr_cluster,regressedlr_1vAll_cluster_1,regressedlr_1vAll_cluster_2,regressedlr_1vAll_cluster_3,surgery_weight,room_box
0,933000320047064,IT087,F,Unicam_03,UCAM,1453.333333,8720.0,6.0,2.15,1.0,1.0,0.0,0.0,162.0,46_3
1,933000320047179,IT110,M,Unicam_03,UCAM,193.3333333,5240.0,4.0,3.025,1.0,1.0,0.0,0.0,317.0,48_6
2,933000320047032,IT113,M,Unicam_03,UCAM,33.33333333,4560.0,6.0,3.0,1.0,1.0,0.0,0.0,360.0,48_7
3,933000320047986,IT121,M,Unicam_04,UCAM,440.0,6660.0,2.0,5.3,1.0,1.0,0.0,0.0,245.0,46_1
4,933000320047998,IT123,F,Unicam_04,UCAM,413.3333333,16900.0,12.0,2.6,1.0,1.0,0.0,0.0,157.0,46_1
5,933000320047807,IT125,M,Unicam_04,UCAM,266.6666667,11480.0,4.0,5.625,1.0,1.0,0.0,0.0,280.0,46_3
6,933000320047818,IT128,F,Unicam_04,UCAM,640.0,9260.0,9.0,2.95,1.0,1.0,0.0,0.0,182.0,46_4
7,933000320047825,IT133,M,Unicam_04,UCAM,453.3333333,10600.0,40.0,2.725,1.0,1.0,0.0,0.0,273.0,46_5
8,933000320047819,IT135,F,Unicam_04,UCAM,846.6666667,9000.0,20.0,2.425,1.0,1.0,0.0,0.0,150.0,46_5
9,933000320047816,IT138,M,Unicam_04,UCAM,513.3333333,9560.0,6.0,4.625,1.0,1.0,0.0,0.0,309.0,46_8
10,933000320047747,IT139,F,Unicam_04,UCAM,473.3333333,15980.0,20.0,2.6,1.0,1.0,0.0,0.0,158.0,46_7
11,933000320047733,IT141,M,Unicam_04,UCAM,520.0,10060.0,6.0,2.4,1.0,1.0,0.0,0.0,212.0,48_1
12,933000320047730,IT142,M,Unicam_04,UCAM,646.6666667,8720.0,12.0,3.1,1.0,1.0,0.0,0.0,286.0,48_2
13,933000320047746,IT143,F,Unicam_04,UCAM,360.0,13240.0,6.0,1.825,1.0,1.0,0.0,0.0,157.0,48_1
14,933000320047750,IT144,F,Unicam_04,UCAM,666.6666667,17420.0,15.0,2.375,1.0,1.0,0.0,0.0,204.0,48_2
15,933000320047566,IT145,M,Unicam_04,UCAM,493.3333333,5400.0,6.0,3.0,1.0,1.0,0.0,0.0,345.0,48_3
16,933000320047743,IT148,F,Unicam_04,UCAM,1093.333333,11020.0,9.0,2.675,1.0,1.0,0.0,0.0,163.0,48_3
17,933000320047551,IT151,F,Unicam_04,UCAM,720.0,6160.0,15.0,3.85,1.0,1.0,0.0,0.0,163.0,48_4
18,933000320047559,IT152,F,Unicam_04,UCAM,1173.333333,15240.0,15.0,1.025,1.0,1.0,0.0,0.0,166.0,48_5
19,933000320047558,IT156,F,Unicam_04,UCAM,66.66666667,22160.0,20.0,3.35,1.0,1.0,0.0,0.0,170.0,48_7
20,933000320047565,IT158,M,Unicam_04,UCAM,340.0,10180.0,12.0,4.025,1.0,1.0,0.0,0.0,252.0,48_8
21,933000320047553,IT160,F,Unicam_04,UCAM,186.6666667,13320.0,9.0,2.475,1.0,1.0,0.0,0.0,162.0,50_6
22,933000320186926,IT166,M,Unicam_05,UCAM,1046.666667,13180.0,9.0,3.275,1.0,1.0,0.0,0.0,280.0,46_2
23,933000320186935,IT167,F,Unicam_05,UCAM,100.0,12600.0,9.0,2.325,1.0,1.0,0.0,0.0,177.0,46_3
24,933000320186944,IT168,F,Unicam_05,UCAM,340.0,10760.0,4.0,2.05,1.0,1.0,0.0,0.0,178.0,46_4
25,933000320186942,IT174,M,Unicam_05,UCAM,900.0,7900.0,12.0,3.925,1.0,1.0,0.0,0.0,240.0,46_5
26,933000320187122,IT178,M,Unicam_05,UCAM,160.0,9620.0,4.0,1.825,1.0,1.0,0.0,0.0,310.0,46_7
27,933000320187119,IT179,F,Unicam_05,UCAM,1693.333333,14940.0,6.0,3.0,1.0,1.0,0.0,0.0,190.0,46_7
28,933000320187117,IT181,M,Unicam_05,UCAM,1106.666667,8500.0,4.0,2.475,1.0,1.0,0.0,0.0,282.0,46_8
29,933000320187124,IT182,M,Unicam_05,UCAM,353.3333333,5860.0,2.0,3.425,1.0,1.0,0.0,0.0,275.0,46_1
30,933000320187107,IT184,F,Unicam_05,UCAM,300.0,13440.0,9.0,3.65,1.0,1.0,0.0,0.0,179.0,46_8
31,933000320187021,IT185,M,Unicam_05,UCAM,786.6666667,12640.0,6.0,2.725,1.0,1.0,0.0,0.0,250.0,48_1
32,933000320187125,IT186,M,Unicam_05,UCAM,266.6666667,10240.0,4.0,3.65,1.0,1.0,0.0,0.0,270.0,48_2
33,933000320187102,IT187,F,Unicam_05,UCAM,2520.0,23420.0,6.0,2.725,1.0,1.0,0.0,0.0,172.0,48_1
34,933000320187012,IT188,F,Unicam_05,UCAM,460.0,7960.0,6.0,2.35,1.0,1.0,0.0,0.0,153.0,48_6
35,933000320187008,IT189,M,Unicam_05,UCAM,606.6666667,11460.0,12.0,1.975,1.0,1.0,0.0,0.0,250.0,48_3
36,933000320187009,IT190,M,Unicam_05,UCAM,946.6666667,11380.0,12.0,2.875,1.0,1.0,0.0,0.0,235.0,48_4
37,933000320187022,IT191,F,Unicam_05,UCAM,386.6666667,7260.0,4.0,2.325,1.0,1.0,0.0,0.0,174.0,48_3
38,933000320187023,IT192,F,Unicam_05,UCAM,1886.666667,15980.0,15.0,4.6,1.0,1.0,0.0,0.0,155.0,48_4
39,933000320187001,IT193,M,Unicam_05,UCAM,366.6666667,6120.0,2.0,3.6,1.0,1.0,0.0,0.0,237.0,48_5
40,933000320187046,IT198,M,Unicam_05,UCAM,66.66666667,9500.0,4.0,3.725,1.0,1.0,0.0,0.0,241.0,48_8
41,933000320187335,IT203,F,Unicam_06,UCAM,960.0,9880.0,4.0,5.6,1.0,1.0,0.0,0.0,199.0,46_1
42,933000320187327,IT204,F,Unicam_06,UCAM,686.6666667,12980.0,4.0,2.825,1.0,1.0,0.0,0.0,178.0,46_2
43,933000320187333,IT207,F,Unicam_06,UCAM,1713.333333,16260.0,6.0,1.75,1.0,1.0,0.0,0.0,181.0,46_3
44,933000320187341,IT208,F,Unicam_06,UCAM,1126.666667,11480.0,4.0,4.1,1.0,1.0,0.0,0.0,202.0,46_4
45,933000320187266,IT216,F,Unicam_06,UCAM,2080.0,11520.0,6.0,3.35,1.0,1.0,0.0,0.0,179.0,46_8
46,933000320187399,IT219,F,Unicam_06,UCAM,260.0,9160.0,6.0,2.975,1.0,1.0,0.0,0.0,182.0,48_1
47,933000320187394,IT221,M,Unicam_06,UCAM,803.3333333,3720.0,0.0,3.0,1.0,1.0,0.0,0.0,270.0,48_3
48,933000320187389,IT222,M,Unicam_06,UCAM,466.6666667,6480.0,6.0,2.9,1.0,1.0,0.0,0.0,330.0,48_4
49,933000320187396,IT224,F,Unicam_06,UCAM,260.0,7440.0,9.0,4.525,1.0,1.0,0.0,0.0,175.0,48_4
50,933000320187287,IT227,F,Unicam_06,UCAM,2833.333333,13780.0,4.0,3.2,1.0,1.0,0.0,0.0,164.0,48_5
51,933000320048196,IT228,F,Unicam_06,UCAM,1163.333333,8380.0,2.0,2.1,1.0,1.0,0.0,0.0,192.0,48_6
52,933000320187294,IT231,F,Unicam_06,UCAM,623.3333333,11540.0,4.0,4.275,1.0,1.0,0.0,0.0,166.0,48_7
53,933000320187288,IT232,F,Unicam_06,UCAM,663.3333333,11820.0,0.0,2.725,1.0,1.0,0.0,0.0,178.0,48_8
54,933000320187437,IT238,M,Unicam_06,UCAM,613.3333333,8000.0,2.0,2.775,1.0,1.0,0.0,0.0,247.0,50_4
55,933000320187444,IT239,F,Unicam_06,UCAM,326.6666667,8240.0,4.0,3.975,1.0,1.0,0.0,0.0,169.0,50_3
56,933000320048111,IT254,M,unicam_07,UCAM,320.0,8160.0,6.0,2.725,1.0,1.0,0.0,0.0,330.0,46_6
57,933000320048161,IT259,F,unicam_07,UCAM,886.6666667,10240.0,9.0,4.375,1.0,1.0,0.0,0.0,187.0,46_8
58,933000320048083,IT262,M,unicam_07,UCAM,760.0,8740.0,25.0,3.825,1.0,1.0,0.0,0.0,273.0,48_2
59,933000320048085,IT264,F,unicam_07,UCAM,493.3333333,14260.0,4.0,3.25,1.0,1.0,0.0,0.0,182.0,48_2
60,933000320048290,IT271,F,unicam_07,UCAM,246.6666667,19660.0,6.0,4.025,1.0,1.0,0.0,0.0,197.0,48_5
61,933000320048285,IT272,F,unicam_07,UCAM,360.0,9560.0,12.0,5.7,1.0,1.0,0.0,0.0,184.0,48_6
62,933000320048665,IT275,F,unicam_07,UCAM,466.6666667,11100.0,12.0,4.575,1.0,1.0,0.0,0.0,178.0,48_7
63,933000320048653,IT276,F,unicam_07,UCAM,473.3333333,8140.0,6.0,3.95,1.0,1.0,0.0,0.0,197.0,48_8
64,933000320048998,IT283,F,unicam_08,UCAM,366.6666667,14860.0,4.0,4.475,1.0,1.0,0.0,0.0,191.0,46_1
65,933000320049059,IT297,M,unicam_08,UCAM,1660.0,8740.0,15.0,3.425,1.0,1.0,0.0,0.0,306.0,46_7
66,933000320049069,IT298,M,unicam_08,UCAM,-33.33333333,9180.0,2.0,1.775,1.0,1.0,0.0,0.0,260.0,46_8
67,933000320049061,IT300,F,unicam_08,UCAM,80.0,13860.0,12.0,3.325,1.0,1.0,0.0,0.0,184.0,46_8
68,933000320049085,IT302,M,unicam_08,UCAM,60.0,7480.0,4.0,3.575,1.0,1.0,0.0,0.0,192.0,48_2
69,933000320048401,IT312,F,unicam_08,UCAM,733.3333333,14020.0,6.0,3.375,1.0,1.0,0.0,0.0,174.0,48_6
70,933000320048405,IT314,M,unicam_08,UCAM,160.0,5560.0,4.0,3.625,1.0,1.0,0.0,0.0,306.0,48_8
71,933000320048402,IT315,F,unicam_08,UCAM,1146.666667,9780.0,4.0,5.975,1.0,1.0,0.0,0.0,175.0,48_7
72,933000320048409,IT316,F,unicam_08,UCAM,613.3333333,8360.0,9.0,3.475,1.0,1.0,0.0,0.0,162.0,48_8
73,933000320188068,IT326,M,unicam_09,UCAM,940.0,12400.0,6.0,2.275,1.0,1.0,0.0,0.0,310.0,46_4
74,933000320188073,IT328,F,unicam_09,UCAM,286.6666667,15420.0,4.0,5.85,1.0,1.0,0.0,0.0,186.0,46_2
75,933000320188417,IT333,M,unicam_09,UCAM,230.0,8820.0,9.0,2.85,1.0,1.0,0.0,0.0,278.0,46_5
76,933000320188074,IT335,F,unicam_09,UCAM,340.0,12880.0,6.0,2.575,1.0,1.0,0.0,0.0,184.0,46_3
77,933000320188418,IT340,F,unicam_09,UCAM,833.3333333,13820.0,4.0,6.05,1.0,1.0,0.0,0.0,190.0,46_8
78,933000320188388,IT341,M,unicam_09,UCAM,0.0,5540.0,6.0,4.75,1.0,1.0,0.0,0.0,333.0,48_1
79,933000320188384,IT342,M,unicam_09,UCAM,266.6666667,10560.0,6.0,3.2,1.0,1.0,0.0,0.0,290.0,48_2
80,933000320188396,IT346,M,unicam_09,UCAM,226.6666667,6620.0,4.0,2.45,1.0,1.0,0.0,0.0,229.0,48_4
81,933000320188236,IT354,M,unicam_09,UCAM,140.0,9500.0,4.0,4.65,1.0,1.0,0.0,0.0,282.0,48_8
82,933000320188244,IT355,F,unicam_09,UCAM,946.6666667,26820.0,4.0,3.6,1.0,1.0,0.0,0.0,185.0,48_5
83,933000320188231,IT356,F,unicam_09,UCAM,446.6666667,14080.0,9.0,3.15,1.0,1.0,0.0,0.0,195.0,48_6
84,933000320188576,IT367,F,unicam_10,UCAM,820.0,9580.0,4.0,3.325,1.0,1.0,0.0,0.0,260.0,46_3
85,933000320188208,IT379,F,unicam_10,UCAM,546.6666667,7940.0,6.0,4.075,1.0,1.0,0.0,0.0,180.0,46_7
86,933000320188098,IT382,M,unicam_10,UCAM,-80.0,13440.0,0.0,3.275,1.0,1.0,0.0,0.0,288.0,48_2
87,933000320188093,IT384,F,unicam_10,UCAM,933.3333333,17360.0,6.0,1.275,1.0,1.0,0.0,0.0,196.0,48_2
88,933000320188462,IT389,M,unicam_10,UCAM,1140.0,6040.0,9.0,1.725,1.0,1.0,0.0,0.0,260.0,48_5
89,933000320188458,IT392,F,unicam_10,UCAM,-533.3333333,17040.0,15.0,3.35,1.0,1.0,0.0,0.0,193.0,48_6
90,933000320188624,IT394,M,unicam_10,UCAM,460.0,9380.0,4.0,3.3,1.0,1.0,0.0,0.0,281.0,48_8
91,933000320188621,IT396,F,unicam_10,UCAM,446.6666667,15360.0,62.0,1.8,1.0,1.0,0.0,0.0,180.0,48_8
92,933000320188609,IT397,M,unicam_10,UCAM,206.6666667,7860.0,6.0,5.225,1.0,1.0,0.0,0.0,307.0,47_1
93,933000320188607,IT398,M,unicam_10,UCAM,106.6666667,12180.0,6.0,3.125,1.0,1.0,0.0,0.0,283.0,47_2
94,933000320188506,IT401,M,unicam_11,UCAM,940.0,11920.0,25.0,1.225,1.0,1.0,0.0,0.0,306.0,46_1
95,933000320188522,IT403,F,unicam_11,UCAM,153.3333333,7340.0,9.0,3.15,1.0,1.0,0.0,0.0,173.0,46_1
96,933000320188511,IT404,F,unicam_11,UCAM,653.3333333,10920.0,6.0,3.55,1.0,1.0,0.0,0.0,190.0,46_2
97,933000320188510,IT405,M,unicam_11,UCAM,913.3333333,4900.0,0.0,3.475,1.0,1.0,0.0,0.0,295.0,46_3
98,933000320188503,IT407,F,unicam_11,UCAM,166.6666667,12720.0,4.0,1.775,1.0,1.0,0.0,0.0,210.0,46_3
99,933000320188537,IT413,M,unicam_11,UCAM,193.3333333,10420.0,32.0,4.875,1.0,1.0,0.0,0.0,288.0,46_5
100,933000320188544,IT415,F,unicam_11,UCAM,-493.3333333,24940.0,4.0,3.475,1.0,1.0,0.0,0.0,190.0,46_5
101,933000320188536,IT417,M,unicam_11,UCAM,186.6666667,3300.0,32.0,3.325,1.0,1.0,0.0,0.0,282.0,46_7
102,933000320188529,IT418,M,unicam_11,UCAM,233.3333333,5540.0,12.0,5.625,1.0,1.0,0.0,0.0,261.0,46_8
103,933000320188147,IT420,F,unicam_11,UCAM,380.0,12540.0,9.0,3.2,1.0,1.0,0.0,0.0,162.0,46_8
104,933000320188148,IT422,M,unicam_11,UCAM,260.0,6820.0,4.0,2.85,1.0,1.0,0.0,0.0,,
105,933000320188144,IT423,F,unicam_11,UCAM,53.33333333,16620.0,12.0,3.3,1.0,1.0,0.0,0.0,200.0,48_1
106,933000320188134,IT424,F,unicam_11,UCAM,140.0,5680.0,9.0,3.075,1.0,1.0,0.0,0.0,200.0,48_2
107,933000320188127,IT427,M,unicam_11,UCAM,1000.0,14240.0,9.0,3.15,1.0,1.0,0.0,0.0,185.0,48_3
108,933000320188128,IT428,F,unicam_11,UCAM,433.3333333,7640.0,4.0,3.55,1.0,1.0,0.0,0.0,175.0,48_4
109,933000320188130,IT429,M,unicam_11,UCAM,1000.0,9280.0,25.0,3.525,1.0,1.0,0.0,0.0,,
110,933000320188316,IT432,F,unicam_11,UCAM,-260.0,12700.0,12.0,4.375,1.0,1.0,0.0,0.0,185.0,48_6
111,933000320188314,IT434,M,unicam_11,UCAM,-186.6666667,10860.0,6.0,3.25,1.0,1.0,0.0,0.0,,
112,933000320188318,IT435,F,unicam_11,UCAM,273.3333333,8980.0,6.0,2.5,1.0,1.0,0.0,0.0,180.0,48_7
113,933000320188302,IT439,F,unicam_11,UCAM,86.66666667,10140.0,4.0,4.05,1.0,1.0,0.0,0.0,163.0,47_7
114,933000320499881,IT453,M,unicam_12,UCAM,146.6666667,5080.0,4.0,3.5,1.0,1.0,0.0,0.0,284.0,46_5
115,933000320499925,IT478,M,unicam_12,UCAM,-40.0,9200.0,4.0,3.3,1.0,1.0,0.0,0.0,255.0,47_6
116,933000320500324,IT499,F,unicam_13,UCAM,460.0,9320.0,4.0,1.55,1.0,1.0,0.0,0.0,202.0,46_7
117,933000320500191,IT517,M,unicam_13,UCAM,246.6666667,6160.0,4.0,4.55,1.0,1.0,0.0,0.0,331.0,47_1
118,933000320500192,IT518,M,unicam_13,UCAM,180.0,8560.0,6.0,2.825,1.0,1.0,0.0,0.0,337.0,47_2
119,933000320500193,IT519,F,unicam_13,UCAM,260.0,10980.0,2.0,3.45,1.0,1.0,0.0,0.0,205.0,47_3
120,933000320500195,IT520,F,unicam_13,UCAM,-146.6666667,9100.0,9.0,2.0,1.0,1.0,0.0,0.0,210.0,47_4
121,933000320500379,IT525,M,unicam_14,UCAM,266.6666667,8640.0,4.0,4.875,1.0,1.0,0.0,0.0,306.0,46_3
122,933000320500045,IT540,F,unicam_14,UCAM,0.0,6820.0,12.0,2.475,1.0,1.0,0.0,0.0,190.0,46_8
123,933000320500276,IT546,M,unicam_14,UCAM,-13.33333333,8960.0,6.0,3.0,1.0,1.0,0.0,0.0,305.0,48_4
124,933000320500280,IT555,F,unicam_14,UCAM,613.3333333,10000.0,4.0,4.325,1.0,1.0,0.0,0.0,193.0,48_7
125,933000320525443,IT578,M,unicam_16,UCAM,506.6666667,12940.0,2.0,3.675,1.0,1.0,0.0,0.0,247.0,46_7
126,933000320525440,IT579,F,unicam_16,UCAM,320.0,9960.0,4.0,2.95,1.0,1.0,0.0,0.0,175.0,46_6
127,933000320525458,IT581,M,unicam_16,UCAM,-80.0,4020.0,12.0,2.7,1.0,1.0,0.0,0.0,211.0,46_8
128,933000320525486,IT590,M,unicam_16,UCAM,-20.0,5460.0,9.0,3.0,1.0,1.0,0.0,0.0,257.0,48_5
129,933000320046660,KAL048,F,MUSC02,MUSC,593.3333333,10180.0,15.0,3.525,1.0,1.0,0.0,0.0,147.0,O_1
130,933000320046468,KAL049,M,MUSC02,MUSC,1653.333333,7320.0,77.0,4.575,1.0,1.0,0.0,0.0,276.0,L_5
131,933000320046659,KAL050,M,MUSC02,MUSC,2086.666667,18800.0,25.0,4.625,1.0,1.0,0.0,0.0,229.0,L_5
132,933000320046941,KAL053,M,MUSC02,MUSC,993.3333333,12300.0,25.0,3.075,1.0,1.0,0.0,0.0,203.0,L_5
133,933000320046948,KAL054,M,MUSC02,MUSC,566.6666667,8460.0,9.0,3.725,1.0,1.0,0.0,0.0,254.0,L_5
134,933000320046950,KAL063,F,MUSC02,MUSC,420.0,12660.0,20.0,3.55,1.0,1.0,0.0,0.0,153.0,L_2
135,933000320046716,KAL071,F,MUSC02,MUSC,500.0,8900.0,20.0,2.775,1.0,1.0,0.0,0.0,,
136,933000320046713,KAL076,F,MUSC02,MUSC,86.66666667,11520.0,20.0,3.125,1.0,1.0,0.0,0.0,146.0,R_3
137,933000320046962,KAL078,M,MUSC02,MUSC,580.0,10000.0,25.0,3.875,1.0,1.0,0.0,0.0,195.0,R_4
138,933000320047052,KAL085,M,MUSC03,MUSC,1213.333333,9800.0,1.0,3.475,1.0,1.0,0.0,0.0,204.0,R_1
139,933000320047055,KAL087,F,MUSC03,MUSC,2666.666667,20300.0,20.0,3.625,1.0,1.0,0.0,0.0,133.0,R_3
140,933000320047058,KAL090,M,MUSC03,MUSC,1160.0,14140.0,25.0,3.15,1.0,1.0,0.0,0.0,232.0,R_1
141,933000320047214,KAL093,M,MUSC03,MUSC,413.3333333,12380.0,12.0,4.875,1.0,1.0,0.0,0.0,271.0,R_1
142,933000320047203,KAL095,F,MUSC03,MUSC,173.3333333,11680.0,25.0,2.85,1.0,1.0,0.0,0.0,160.0,R_3
143,933000320047204,KAL097,M,MUSC03,MUSC,893.3333333,9100.0,9.0,2.5,1.0,1.0,0.0,0.0,235.0,O_1
144,933000320047202,KAL098,M,MUSC03,MUSC,926.6666667,9120.0,32.0,3.05,1.0,1.0,0.0,0.0,245.0,O_1
145,933000320047183,KAL106,M,MUSC03,MUSC,526.6666667,13400.0,15.0,4.175,1.0,1.0,0.0,0.0,220.0,L_2
146,933000320047184,KAL108,F,MUSC03,MUSC,666.6666667,14180.0,12.0,2.25,1.0,1.0,0.0,0.0,192.0,L_4
147,933000320047039,KAL113,M,MUSC03,MUSC,753.3333333,19860.0,4.0,5.25,1.0,1.0,0.0,0.0,218.0,L_2
148,933000320047811,KAL129,M,MUSC04,MUSC,786.6666667,6860.0,15.0,2.1,1.0,1.0,0.0,0.0,253.0,R_1
149,933000320047744,KAL133,M,MUSC04,MUSC,-33.33333333,15900.0,32.0,3.275,1.0,1.0,0.0,0.0,267.0,R_1
150,933000320047732,KAL135,F,MUSC04,MUSC,1106.666667,14660.0,15.0,3.25,1.0,1.0,0.0,0.0,193.0,R_3
151,933000320047726,KAL136,F,MUSC04,MUSC,1020.0,11860.0,15.0,2.725,1.0,1.0,0.0,0.0,173.0,R_3
152,933000320047742,KAL139,F,MUSC04,MUSC,626.6666667,13320.0,20.0,2.7,1.0,1.0,0.0,0.0,152.0,O_3
153,933000320047731,KAL143,F,MUSC04,MUSC,526.6666667,12160.0,15.0,3.225,1.0,1.0,0.0,0.0,160.0,O_4
154,933000320047728,KAL144,F,MUSC04,MUSC,1820.0,18320.0,20.0,3.075,1.0,1.0,0.0,0.0,205.0,O_4
155,933000320047556,KAL149,M,MUSC04,MUSC,973.3333333,19520.0,15.0,4.375,1.0,1.0,0.0,0.0,215.0,L_2
156,933000320047560,KAL150,M,MUSC04,MUSC,773.3333333,12300.0,15.0,3.375,1.0,1.0,0.0,0.0,264.0,L_2
157,933000320047554,KAL151,F,MUSC04,MUSC,993.3333333,16320.0,15.0,2.7,1.0,1.0,0.0,0.0,152.0,L_4
158,933000320186938,KAL171,F,MUSC05,MUSC,860.0,12120.0,15.0,2.325,1.0,1.0,0.0,0.0,183.0,R_3
159,933000320186927,KAL173,M,MUSC05,MUSC,340.0,7060.0,12.0,2.825,1.0,1.0,0.0,0.0,277.0,R_1
160,933000320187112,KAL176,F,MUSC05,MUSC,-413.3333333,29120.0,12.0,1.65,1.0,1.0,0.0,0.0,175.0,R_3
161,933000320187123,KAL178,M,MUSC05,MUSC,340.0,9560.0,15.0,1.65,1.0,1.0,0.0,0.0,276.0,R_1
162,933000320187118,KAL179,F,MUSC05,MUSC,-326.6666667,15480.0,25.0,2.675,1.0,1.0,0.0,0.0,163.0,R_3
163,933000320187114,KAL180,F,MUSC05,MUSC,1080.0,14260.0,20.0,2.05,1.0,1.0,0.0,0.0,172.0,R_3
164,933000320187115,KAL181,M,MUSC05,MUSC,820.0,9660.0,15.0,2.15,1.0,1.0,0.0,0.0,270.0,R_2
165,933000320187042,KAL183,F,MUSC05,MUSC,473.3333333,12920.0,12.0,2.825,1.0,1.0,0.0,0.0,,
166,933000320187013,KAL186,M,MUSC05,MUSC,480.0,12000.0,12.0,2.85,1.0,1.0,0.0,0.0,210.0,L_2
167,933000320187338,KAL201,M,MUSC06,MUSC,426.6666667,10020.0,6.0,2.25,1.0,1.0,0.0,0.0,245.0,R_1
168,933000320187343,KAL204,F,MUSC06,MUSC,860.0,10940.0,15.0,1.85,1.0,1.0,0.0,0.0,137.0,R_3
169,933000320187273,KAL211,F,MUSC06,MUSC,646.6666667,14860.0,15.0,2.175,1.0,1.0,0.0,0.0,178.0,R_3
170,933000320187264,KAL215,F,MUSC06,MUSC,1040.0,17560.0,15.0,2.45,1.0,1.0,0.0,0.0,190.0,R_3
171,933000320187256,KAL216,F,MUSC06,MUSC,1320.0,10380.0,9.0,2.45,1.0,1.0,0.0,0.0,145.0,R_3
172,933000320187397,KAL217,M,MUSC06,MUSC,593.3333333,7100.0,15.0,2.65,1.0,1.0,0.0,0.0,259.0,R_1
173,933000320187392,KAL220,F,MUSC06,MUSC,953.3333333,14960.0,32.0,3.075,1.0,1.0,0.0,0.0,216.0,R_3
174,933000320187385,KAL222,M,MUSC06,MUSC,806.6666667,10820.0,32.0,2.75,1.0,1.0,0.0,0.0,262.0,R_2
175,933000320187376,KAL223,F,MUSC06,MUSC,-2566.666667,21700.0,50.0,2.125,1.0,1.0,0.0,0.0,190.0,R_4
176,933000320187295,KAL227,F,MUSC06,MUSC,1473.333333,26320.0,12.0,2.45,1.0,1.0,0.0,0.0,134.0,L_4
177,933000320187278,KAL231,F,MUSC06,MUSC,2093.333333,28200.0,15.0,3.175,1.0,1.0,0.0,0.0,150.0,L_4
178,933000320187299,KAL234,M,MUSC06,MUSC,886.6666667,12580.0,15.0,3.025,1.0,1.0,0.0,0.0,212.0,L_2
179,933000320187291,KAL235,F,MUSC06,MUSC,973.3333333,21520.0,15.0,2.0,1.0,1.0,0.0,0.0,153.0,L_4
180,933000320187290,KAL236,F,MUSC06,MUSC,-1000.0,24840.0,25.0,2.575,1.0,1.0,0.0,0.0,153.0,L_4
181,933000320048307,KAL242,M,MUSC07,MUSC,1460.0,12820.0,32.0,1.8,1.0,1.0,0.0,0.0,350.0,R_1
182,933000320048324,KAL244,F,MUSC07,MUSC,2393.333333,19240.0,25.0,2.175,1.0,1.0,0.0,0.0,190.0,R_3
183,933000320048112,KAL250,M,MUSC07,MUSC,693.3333333,14820.0,20.0,2.2,1.0,1.0,0.0,0.0,249.0,R_1
184,933000320048103,KAL251,F,MUSC07,MUSC,660.0,11200.0,12.0,2.3,1.0,1.0,0.0,0.0,171.0,R_3
185,933000320048104,KAL252,F,MUSC07,MUSC,2680.0,38020.0,40.0,1.675,1.0,1.0,0.0,0.0,173.0,R_3
186,933000320048174,KAL253,M,MUSC07,MUSC,880.0,16700.0,32.0,2.425,1.0,1.0,0.0,0.0,290.0,R_1
187,933000320048164,KAL254,M,MUSC07,MUSC,760.0,7400.0,15.0,2.55,1.0,1.0,0.0,0.0,279.0,R_1
188,933000320048152,KAL256,F,MUSC07,MUSC,386.6666667,12620.0,15.0,3.125,1.0,1.0,0.0,0.0,174.0,R_3
189,933000320048168,KAL260,M,MUSC07,MUSC,1626.666667,20140.0,9.0,3.0,1.0,1.0,0.0,0.0,300.0,R_1
190,933000320048081,KAL261,M,MUSC07,MUSC,993.3333333,7840.0,12.0,2.45,1.0,1.0,0.0,0.0,270.0,R_2
191,933000320048092,KAL262,M,MUSC07,MUSC,880.0,11160.0,20.0,2.8,1.0,1.0,0.0,0.0,264.0,R_2
192,933000320048279,KAL267,F,MUSC07,MUSC,886.6666667,17260.0,25.0,3.025,1.0,1.0,0.0,0.0,166.0,L_4
193,933000320048298,KAL268,F,MUSC07,MUSC,2373.333333,20400.0,62.0,2.95,1.0,1.0,0.0,0.0,169.0,L_4
194,933000320048292,KAL269,M,MUSC07,MUSC,973.3333333,9600.0,9.0,1.9,1.0,1.0,0.0,0.0,262.0,L_2
195,933000320048299,KAL270,M,MUSC07,MUSC,593.3333333,8340.0,15.0,2.75,1.0,1.0,0.0,0.0,222.0,L_2
196,933000320048295,KAL271,F,MUSC07,MUSC,1886.666667,20820.0,20.0,2.85,1.0,1.0,0.0,0.0,183.0,L_4
197,933000320048673,KAL273,M,MUSC07,MUSC,613.3333333,8280.0,4.0,2.45,1.0,1.0,0.0,0.0,230.0,L_2
198,933000320048670,KAL274,M,MUSC07,MUSC,1620.0,19920.0,15.0,1.7,1.0,1.0,0.0,0.0,247.0,L_2
199,933000320048668,KAL278,M,MUSC07,MUSC,453.3333333,13780.0,12.0,2.325,1.0,1.0,0.0,0.0,266.0,L_2
200,933000320048951,KAL288,F,MUSC08,MUSC,540.0,8780.0,15.0,2.95,1.0,1.0,0.0,0.0,177.0,R_3
201,933000320048704,KAL292,F,MUSC08,MUSC,2820.0,24080.0,20.0,2.875,1.0,1.0,0.0,0.0,192.0,R_3
202,933000320049071,KAL293,M,MUSC08,MUSC,173.33,9080.0,20.0,2.25,1.0,1.0,0.0,0.0,343.0,R_1
203,933000320049054,KAL296,F,MUSC08,MUSC,500.0,11540.0,20.0,3.0,1.0,1.0,0.0,0.0,180.0,R_3
204,933000320049073,KAL298,M,MUSC08,MUSC,586.67,8260.0,20.0,3.35,1.0,1.0,0.0,0.0,278.0,R_1
205,933000320187456,KAL301,M,MUSC08,MUSC,440.0,8480.0,20.0,3.55,1.0,1.0,0.0,0.0,298.0,R_2
206,933000320187457,KAL303,F,MUSC08,MUSC,1246.67,10480.0,15.0,3.65,1.0,1.0,0.0,0.0,178.0,R_4
207,933000320048414,KAL305,M,MUSC08,MUSC,1713.33,16980.0,15.0,2.25,1.0,1.0,0.0,0.0,280.0,L_2
208,933000320048415,KAL308,F,MUSC08,MUSC,1686.67,10920.0,15.0,3.0,1.0,1.0,0.0,0.0,169.0,L_4
209,933000320048424,KAL309,M,MUSC08,MUSC,433.33,6380.0,12.0,2.125,1.0,1.0,0.0,0.0,268.0,L_2
210,933000320048864,KAL313,M,MUSC08,MUSC,553.33,7280.0,9.0,2.825,1.0,1.0,0.0,0.0,261.0,L_2
211,933000320048868,KAL314,M,MUSC08,MUSC,266.67,5420.0,32.0,3.275,1.0,1.0,0.0,0.0,299.0,L_2
212,933000320048851,KAL316,F,MUSC08,MUSC,300.0,7580.0,20.0,2.95,1.0,1.0,0.0,0.0,167.0,L_4
213,933000320188069,KAL321,M,MUSC09,MUSC,840.0,7760.0,12.0,2.2,1.0,1.0,0.0,0.0,273.0,R_1
214,933000320188060,KAL322,M,MUSC09,MUSC,966.67,11320.0,6.0,2.375,1.0,1.0,0.0,0.0,251.0,R_1
215,933000320188062,KAL323,F,MUSC09,MUSC,793.33,12400.0,9.0,1.95,1.0,1.0,0.0,0.0,191.0,R_3
216,933000320188066,KAL328,F,MUSC09,MUSC,993.33,9200.0,20.0,2.675,1.0,1.0,0.0,0.0,149.0,R_3
217,933000320188423,KAL329,M,MUSC09,MUSC,480.0,8140.0,20.0,1.75,1.0,1.0,0.0,0.0,313.0,R_1
218,933000320188416,KAL330,M,MUSC09,MUSC,340.0,7120.0,12.0,2.625,1.0,1.0,0.0,0.0,251.0,R_1
219,933000320188424,KAL331,F,MUSC09,MUSC,1260.0,12560.0,12.0,2.125,1.0,1.0,0.0,0.0,208.0,R_3
220,933000320188408,KAL338,M,MUSC09,MUSC,520.0,9080.0,20.0,2.325,1.0,1.0,0.0,0.0,298.0,R_1
221,933000320188382,KAL342,M,MUSC09,MUSC,933.33,14240.0,32.0,2.175,1.0,1.0,0.0,0.0,247.0,R_2
222,933000320188389,KAL343,F,MUSC09,MUSC,573.33,8340.0,20.0,1.75,1.0,1.0,0.0,0.0,160.0,R_4
223,933000320188391,KAL344,F,MUSC09,MUSC,706.67,18100.0,20.0,2.675,1.0,1.0,0.0,0.0,177.0,R_4
224,933000320188577,KAL363,F,MUSC10,MUSC,593.33,13700.0,20.0,3.0,1.0,1.0,0.0,0.0,198.0,R_3
225,933000320188202,KAL375,F,MUSC10,MUSC,1120.0,13580.0,15.0,2.45,1.0,1.0,0.0,0.0,196.0,R_3
226,933000320188086,KAL377,M,MUSC10,MUSC,1326.67,11480.0,20.0,2.15,1.0,1.0,0.0,0.0,258.0,R_1
227,933000320188731,KAL385,M,MUSC10,MUSC,1173.33,8800.0,20.0,2.075,1.0,1.0,0.0,0.0,264.0,L_2
228,933000320188742,KAL386,M,MUSC10,MUSC,753.33,6880.0,25.0,2.225,1.0,1.0,0.0,0.0,269.0,L_2
229,933000320188738,KAL387,F,MUSC10,MUSC,1453.33,13760.0,25.0,2.575,1.0,1.0,0.0,0.0,173.0,L_4
230,933000320188748,KAL388,F,MUSC10,MUSC,360.0,14120.0,12.0,1.7,1.0,1.0,0.0,0.0,181.0,L_4
231,933000320188472,KAL390,M,MUSC10,MUSC,1166.67,9320.0,25.0,2.25,1.0,1.0,0.0,0.0,247.0,L_2
232,933000320188473,KAL392,F,MUSC10,MUSC,760.0,12520.0,12.0,2.6,1.0,1.0,0.0,0.0,191.0,L_4
233,933000320188619,KAL394,M,MUSC10,MUSC,406.67,10880.0,9.0,2.25,1.0,1.0,0.0,0.0,243.0,L_2
234,933000320188620,KAL396,F,MUSC10,MUSC,360.0,18400.0,32.0,2.675,1.0,1.0,0.0,0.0,164.0,L_4
235,933000320188502,KAL405,M,MUSC11,MUSC,753.0,9700.0,12.0,1.975,1.0,1.0,0.0,0.0,270.0,R_1
236,933000320188519,KAL408,F,MUSC11,MUSC,433.0,8080.0,20.0,2.725,1.0,1.0,0.0,0.0,152.0,R_3
237,933000320188533,KAL415,F,MUSC11,MUSC,787.0,16620.0,20.0,2.85,1.0,1.0,0.0,0.0,182.0,R_3
238,933000320188538,KAL416,F,MUSC11,MUSC,287.0,18140.0,15.0,2.725,1.0,1.0,0.0,0.0,185.0,R_3
239,933000320188146,KAL418,M,MUSC11,MUSC,313.0,7580.0,15.0,2.4,1.0,1.0,0.0,0.0,243.0,R_1
240,933000320188132,KAL427,F,MUSC11,MUSC,1420.0,15960.0,15.0,1.875,1.0,1.0,0.0,0.0,191.0,L_4
241,933000320188131,KAL428,F,MUSC11,MUSC,1527.0,26600.0,32.0,2.65,1.0,1.0,0.0,0.0,171.0,L_4
242,933000320188325,KAL429,M,MUSC11,MUSC,2360.0,25480.0,40.0,2.1,1.0,1.0,0.0,0.0,275.0,L_2
243,933000320188321,KAL430,M,MUSC11,MUSC,1380.0,28760.0,20.0,2.2,1.0,1.0,0.0,0.0,225.0,L_2
244,933000320188306,KAL431,F,MUSC11,MUSC,840.0,23820.0,40.0,1.75,1.0,1.0,0.0,0.0,196.0,L_4
245,933000320188317,KAL432,F,MUSC11,MUSC,767.0,15700.0,12.0,2.95,1.0,1.0,0.0,0.0,156.0,L_4
246,933000320188312,KAL433,M,MUSC11,MUSC,1033.0,14140.0,15.0,2.65,1.0,1.0,0.0,0.0,246.0,L_2
247,933000320188313,KAL434,M,MUSC11,MUSC,1027.0,15580.0,25.0,2.35,1.0,1.0,0.0,0.0,212.0,L_2
248,933000320188307,KAL435,F,MUSC11,MUSC,1027.0,9040.0,25.0,3.075,1.0,1.0,0.0,0.0,196.0,L_4
249,933000320188322,KAL436,F,MUSC11,MUSC,247.0,25200.0,12.0,2.2,1.0,1.0,0.0,0.0,163.0,L_4
250,933000320188337,KAL442,M,MUSC12,MUSC,760.0,9480.0,40.0,2.425,1.0,1.0,0.0,0.0,285.0,R_1
251,933000320188331,KAL443,F,MUSC12,MUSC,733.0,11320.0,12.0,2.075,1.0,1.0,0.0,0.0,190.0,R_3
252,933000320499889,KAL451,F,MUSC12,MUSC,1267.0,7720.0,12.0,2.5,1.0,1.0,0.0,0.0,199.0,R_3
253,933000320499886,KAL452,F,MUSC12,MUSC,527.0,23340.0,20.0,2.025,1.0,1.0,0.0,0.0,167.0,R_3
254,933000320499878,KAL453,M,MUSC12,MUSC,313.0,7700.0,20.0,1.675,1.0,1.0,0.0,0.0,242.0,R_1
255,933000320499883,KAL455,F,MUSC12,MUSC,833.0,15340.0,15.0,1.9,1.0,1.0,0.0,0.0,181.0,R_3
256,933000320499877,KAL456,F,MUSC12,MUSC,887.0,21280.0,12.0,2.475,1.0,1.0,0.0,0.0,202.0,R_3
257,933000320500243,KAL462,M,MUSC12,MUSC,393.0,12380.0,20.0,2.675,1.0,1.0,0.0,0.0,258.0,R_2
258,933000320500231,KAL467,F,MUSC12,MUSC,240.0,13420.0,15.0,2.2,1.0,1.0,0.0,0.0,172.0,L_4
259,933000320499745,KAL470,M,MUSC12,MUSC,1467.0,15320.0,20.0,3.275,1.0,1.0,0.0,0.0,308.0,L_2
260,933000320499738,KAL472,F,MUSC12,MUSC,767.0,14920.0,9.0,2.375,1.0,1.0,0.0,0.0,197.0,L_4
261,933000320499729,KAL473,M,MUSC12,MUSC,353.0,17440.0,12.0,2.475,1.0,1.0,0.0,0.0,303.0,L_2
262,933000320499730,KAL474,M,MUSC12,MUSC,773.0,11260.0,25.0,2.7,1.0,1.0,0.0,0.0,262.0,L_2
263,933000320499968,KAL481,M,MUSC13,MUSC,567.0,6220.0,15.0,2.95,1.0,1.0,0.0,0.0,337.0,R_1
264,933000320499974,KAL484,F,MUSC13,MUSC,1340.0,8960.0,25.0,1.8,1.0,1.0,0.0,0.0,191.0,R_3
265,933000320500333,KAL493,M,MUSC13,MUSC,640.0,6860.0,20.0,1.45,1.0,1.0,0.0,0.0,325.0,R_1
266,933000320500330,KAL494,M,MUSC13,MUSC,513.0,8720.0,12.0,2.425,1.0,1.0,0.0,0.0,300.0,R_1
267,933000320500120,KAL503,F,MUSC13,MUSC,653.0,9040.0,15.0,2.35,1.0,1.0,0.0,0.0,182.0,R_4
268,933000320500103,KAL506,M,MUSC13,MUSC,1040.0,9780.0,50.0,1.625,1.0,1.0,0.0,0.0,280.0,L_2
269,933000320500315,KAL509,M,MUSC13,MUSC,1680.0,11680.0,32.0,2.85,1.0,1.0,0.0,0.0,270.0,L_2
270,933000320500307,KAL510,M,MUSC13,MUSC,27.0,19020.0,32.0,2.4,1.0,1.0,0.0,0.0,240.0,L_2
271,933000320500309,KAL511,F,MUSC13,MUSC,807.0,15740.0,15.0,2.9,1.0,1.0,0.0,0.0,182.0,L_4
272,933000320500200,KAL513,M,MUSC13,MUSC,367.0,17080.0,20.0,2.45,1.0,1.0,0.0,0.0,299.0,L_2
273,933000320500197,KAL514,M,MUSC13,MUSC,267.0,14680.0,15.0,2.875,1.0,1.0,0.0,0.0,268.0,L_2
274,933000320500198,KAL515,F,MUSC13,MUSC,1233.0,12720.0,12.0,2.4,1.0,1.0,0.0,0.0,190.0,L_4
275,933000320500402,KAL522,M,MUSC14,MUSC,367.0,7520.0,15.0,2.0,1.0,1.0,0.0,0.0,286.0,R_1
276,933000320500029,KAL523,F,MUSC14,MUSC,1153.0,12360.0,12.0,2.525,1.0,1.0,0.0,0.0,172.0,R_3
277,933000320500404,KAL524,F,MUSC14,MUSC,2727.0,17160.0,15.0,3.25,1.0,1.0,0.0,0.0,186.0,R_3
278,933000320500400,KAL525,M,MUSC14,MUSC,2127.0,21780.0,15.0,1.8,1.0,1.0,0.0,0.0,328.0,R_1
279,933000320500386,KAL526,M,MUSC14,MUSC,707.0,13980.0,6.0,1.55,1.0,1.0,0.0,0.0,304.0,R_1
280,933000320500382,KAL530,M,MUSC14,MUSC,167.0,8220.0,15.0,2.2,1.0,1.0,0.0,0.0,240.0,R_1
281,933000320500384,KAL532,F,MUSC14,MUSC,360.0,13200.0,15.0,2.275,1.0,1.0,0.0,0.0,178.0,R_3
282,933000320500050,KAL533,M,MUSC14,MUSC,1147.0,11960.0,40.0,1.55,1.0,1.0,0.0,0.0,281.0,R_1
283,933000320500048,KAL534,M,MUSC14,MUSC,1380.0,11380.0,25.0,2.25,1.0,1.0,0.0,0.0,280.0,R_1
284,933000320500049,KAL535,F,MUSC14,MUSC,673.0,16520.0,25.0,1.975,1.0,1.0,0.0,0.0,169.0,R_3
285,933000320500038,KAL537,M,MUSC14,MUSC,1233.0,11280.0,12.0,2.275,1.0,1.0,0.0,0.0,280.0,R_1
286,933000320500037,KAL538,M,MUSC14,MUSC,467.0,7840.0,15.0,2.025,1.0,1.0,0.0,0.0,302.0,R_1
287,933000320500042,KAL539,F,MUSC14,MUSC,1087.0,15400.0,20.0,2.6,1.0,1.0,0.0,0.0,161.0,R_3
288,933000320500036,KAL540,F,MUSC14,MUSC,300.0,27940.0,9.0,2.05,1.0,1.0,0.0,0.0,200.0,R_3
289,933000320500299,KAL541,M,MUSC14,MUSC,1700.0,11500.0,62.0,1.7,1.0,1.0,0.0,0.0,340.0,R_2
290,933000320500292,KAL543,F,MUSC14,MUSC,2873.0,16820.0,20.0,2.0,1.0,1.0,0.0,0.0,181.0,R_4
291,933000320500284,KAL546,M,MUSC14,MUSC,660.0,11140.0,15.0,2.25,1.0,1.0,0.0,0.0,267.0,L_2
292,933000320500285,KAL547,F,MUSC14,MUSC,-1200.0,18380.0,40.0,2.75,1.0,1.0,0.0,0.0,186.0,L_4
293,933000320500277,KAL548,F,MUSC14,MUSC,893.0,21960.0,20.0,2.3,1.0,1.0,0.0,0.0,198.0,L_4
294,933000320500033,KAL549,M,MUSC14,MUSC,2647.0,19060.0,12.0,2.225,1.0,1.0,0.0,0.0,268.0,L_2
295,933000320500026,KAL550,M,MUSC14,MUSC,920.0,14100.0,40.0,1.9,1.0,1.0,0.0,0.0,319.0,L_2
296,933000320500027,KAL551,F,MUSC14,MUSC,587.0,12940.0,12.0,1.625,1.0,1.0,0.0,0.0,168.0,L_4
297,933000320500146,KAL553,M,MUSC14,MUSC,400.0,16180.0,12.0,2.125,1.0,1.0,0.0,0.0,234.0,L_2
298,933000320500147,KAL554,M,MUSC14,MUSC,653.0,11660.0,32.0,2.325,1.0,1.0,0.0,0.0,239.0,L_2
299,933000320500149,KAL556,F,MUSC14,MUSC,673.0,13060.0,9.0,2.3,1.0,1.0,0.0,0.0,143.0,L_4
300,933000320524200,KAL561,M,MUSC15,MUSC,1620.0,5540.0,2.0,3.125,1.0,1.0,0.0,0.0,305.0,R_1
301,933000320524413,KAL573,M,MUSC15,MUSC,893.33,4160.0,12.0,2.05,1.0,1.0,0.0,0.0,308.0,R_1
302,933000320524406,KAL575,F,MUSC15,MUSC,906.67,20380.0,6.0,2.65,1.0,1.0,0.0,0.0,203.0,R_3
303,933000320524407,KAL576,F,MUSC15,MUSC,1440.0,6320.0,15.0,2.825,1.0,1.0,0.0,0.0,184.0,R_3
304,933000320525346,KAL601,M,MUSC16,MUSC,646.67,5260.0,12.0,2.825,1.0,1.0,0.0,0.0,,
305,933000320525343,KAL604,F,MUSC16,MUSC,1026.67,11640.0,12.0,2.85,1.0,1.0,0.0,0.0,,
306,933000320525457,KAL611,F,MUSC16,MUSC,680.0,12820.0,6.0,2.025,1.0,1.0,0.0,0.0,151.0,R_3
307,933000320525319,KAL612,F,MUSC16,MUSC,1626.67,13760.0,12.0,2.625,1.0,1.0,0.0,0.0,,
308,933000320525429,KAL614,M,MUSC16,MUSC,1213.33,10800.0,32.0,2.75,1.0,1.0,0.0,0.0,,
309,933000320525434,KAL616,F,MUSC16,MUSC,780.0,16460.0,6.0,2.75,1.0,1.0,0.0,0.0,,
310,933000320525498,KAL624,F,MUSC16,MUSC,886.67,11460.0,12.0,3.125,1.0,1.0,0.0,0.0,207.0,R_4
311,933000320697637,KAL644,F,MUSC17,MUSC,1326.67,9000.0,15.0,3.05,1.0,1.0,0.0,0.0,170.0,R_3
312,933000320697634,KAL645,M,MUSC17,MUSC,1260.0,11080.0,20.0,1.95,1.0,1.0,0.0,0.0,323.0,R_1
313,933000320697628,KAL654,M,MUSC17,MUSC,940.0,8180.0,15.0,2.55,1.0,1.0,0.0,0.0,305.0,R_1
314,933000320697592,KAL658,M,MUSC17,MUSC,433.33,12380.0,6.0,3.15,1.0,1.0,0.0,0.0,322.0,R_1
315,933000320697587,KAL662,M,MUSC17,MUSC,1086.67,13040.0,12.0,3.5,1.0,1.0,0.0,0.0,290.0,R_2
316,933000320697594,KAL663,F,MUSC17,MUSC,866.67,10960.0,12.0,3.2,1.0,1.0,0.0,0.0,157.0,R_4
317,933000320046853,IT081,M,Unicam_03,UCAM,20.0,2300.0,4.0,3.3,2.0,0.0,1.0,0.0,289.0,46_1
318,933000320047065,IT084,F,Unicam_03,UCAM,-106.6666667,11460.0,2.0,1.875,2.0,0.0,1.0,0.0,185.0,46_2
319,933000320047073,IT088,F,Unicam_03,UCAM,466.6666667,3700.0,4.0,3.15,2.0,0.0,1.0,0.0,193.0,46_4
320,933000320047208,IT102,M,Unicam_03,UCAM,-113.3333333,3460.0,4.0,3.025,2.0,0.0,1.0,0.0,292.0,48_2
321,933000320047211,IT107,F,Unicam_03,UCAM,133.3333333,4540.0,4.0,3.925,2.0,0.0,1.0,0.0,197.0,48_3
322,933000320047034,IT114,M,Unicam_03,UCAM,-120.0,1080.0,0.0,4.225,2.0,0.0,1.0,0.0,280.0,48_8
323,933000320047979,IT122,M,Unicam_04,UCAM,400.0,3480.0,4.0,4.85,2.0,0.0,1.0,0.0,264.0,46_2
324,933000320047812,IT126,M,Unicam_04,UCAM,166.6666667,1820.0,2.0,3.725,2.0,0.0,1.0,0.0,252.0,46_4
325,933000320047572,IT146,M,Unicam_04,UCAM,-940.0,7820.0,6.0,2.325,2.0,0.0,1.0,0.0,269.0,48_4
326,933000320047741,IT149,M,Unicam_04,UCAM,380.0,2160.0,2.0,4.0,2.0,0.0,1.0,0.0,220.0,48_5
327,933000320047569,IT150,M,Unicam_04,UCAM,313.3333333,3140.0,6.0,3.975,2.0,0.0,1.0,0.0,246.0,48_6
328,933000320047571,IT157,M,Unicam_04,UCAM,246.6666667,2660.0,2.0,2.675,2.0,0.0,1.0,0.0,251.0,48_7
329,933000320186868,IT163,F,Unicam_05,UCAM,66.66666667,3040.0,0.0,3.35,2.0,0.0,1.0,0.0,185.0,46_2
330,933000320186931,IT175,F,Unicam_05,UCAM,506.6666667,4800.0,2.0,3.5,2.0,0.0,1.0,0.0,156.0,46_6
331,933000320187109,IT177,M,Unicam_05,UCAM,160.0,3980.0,4.0,2.75,2.0,0.0,1.0,0.0,297.0,46_6
332,933000320187010,IT195,F,Unicam_05,UCAM,113.3333333,2640.0,6.0,3.225,2.0,0.0,1.0,0.0,173.0,48_5
333,933000320187045,IT197,M,Unicam_05,UCAM,426.6666667,1580.0,0.0,2.95,2.0,0.0,1.0,0.0,257.0,48_7
334,933000320187440,IT217,M,Unicam_06,UCAM,453.3333333,3240.0,0.0,3.625,2.0,0.0,1.0,0.0,291.0,48_1
335,933000320187400,IT218,M,Unicam_06,UCAM,76.66666667,560.0,0.0,4.15,2.0,0.0,1.0,0.0,343.0,48_2
336,933000320187255,IT220,F,Unicam_06,UCAM,166.6666667,10280.0,4.0,6.175,2.0,0.0,1.0,0.0,209.0,48_2
337,933000320187388,IT223,F,Unicam_06,UCAM,600.0,4960.0,4.0,2.225,2.0,0.0,1.0,0.0,188.0,48_3
338,933000320187378,IT225,M,Unicam_06,UCAM,116.6666667,3520.0,6.0,4.625,2.0,0.0,1.0,0.0,253.0,48_5
339,933000320187380,IT226,M,Unicam_06,UCAM,-400.0,6720.0,2.0,4.025,2.0,0.0,1.0,0.0,260.0,48_6
340,933000320187289,IT229,M,Unicam_06,UCAM,-13.33333333,5180.0,0.0,3.0,2.0,0.0,1.0,0.0,271.0,48_7
341,933000320187293,IT230,M,Unicam_06,UCAM,-123.3333333,5640.0,0.0,3.375,2.0,0.0,1.0,0.0,285.0,48_8
342,933000320187296,IT235,F,Unicam_06,UCAM,-553.3333333,9060.0,0.0,3.925,2.0,0.0,1.0,0.0,152.0,50_1
343,933000320187447,IT237,M,Unicam_06,UCAM,-246.6666667,3360.0,0.0,4.925,2.0,0.0,1.0,0.0,272.0,50_3
344,933000320187436,IT240,F,Unicam_06,UCAM,-100.0,8200.0,4.0,3.85,2.0,0.0,1.0,0.0,162.0,50_4
345,933000320048312,IT241,M,unicam_07,UCAM,20.0,280.0,0.0,3.9,2.0,0.0,1.0,0.0,336.0,46_1
346,933000320048302,IT242,M,unicam_07,UCAM,-546.6666667,7780.0,0.0,5.625,2.0,0.0,1.0,0.0,351.0,46_2
347,933000320048319,IT243,F,unicam_07,UCAM,173.3333333,6240.0,2.0,3.4,2.0,0.0,1.0,0.0,218.0,46_1
348,933000320048306,IT244,F,unicam_07,UCAM,-206.6666667,2620.0,4.0,3.325,2.0,0.0,1.0,0.0,220.0,46_2
349,933000320048119,IT245,M,unicam_07,UCAM,246.6666667,1380.0,4.0,5.025,2.0,0.0,1.0,0.0,260.0,46_3
350,933000320048308,IT246,M,unicam_07,UCAM,-86.66666667,3060.0,2.0,7.125,2.0,0.0,1.0,0.0,362.0,46_4
351,933000320048123,IT247,F,unicam_07,UCAM,140.0,3820.0,2.0,6.775,2.0,0.0,1.0,0.0,207.0,46_3
352,933000320048101,IT248,F,unicam_07,UCAM,-166.6666667,7440.0,2.0,3.925,2.0,0.0,1.0,0.0,203.0,46_4
353,933000320048172,IT253,M,unicam_07,UCAM,373.3333333,1940.0,4.0,5.475,2.0,0.0,1.0,0.0,298.0,46_5
354,933000320048173,IT255,F,unicam_07,UCAM,293.3333333,4080.0,4.0,2.925,2.0,0.0,1.0,0.0,187.0,46_5
355,933000320048170,IT257,M,unicam_07,UCAM,-73.33333333,1480.0,2.0,3.8,2.0,0.0,1.0,0.0,293.0,46_7
356,933000320048163,IT258,F,unicam_07,UCAM,266.6666667,9280.0,2.0,3.35,2.0,0.0,1.0,0.0,185.0,46_7
357,933000320048169,IT260,M,unicam_07,UCAM,113.3333333,2080.0,2.0,4.675,2.0,0.0,1.0,0.0,345.0,46_8
358,933000320048087,IT261,M,unicam_07,UCAM,-100.0,1120.0,2.0,4.875,2.0,0.0,1.0,0.0,300.0,48_1
359,933000320048084,IT263,F,unicam_07,UCAM,293.3333333,4520.0,9.0,3.5,2.0,0.0,1.0,0.0,205.0,48_1
360,933000320048283,IT265,M,unicam_07,UCAM,100.0,1420.0,6.0,3.625,2.0,0.0,1.0,0.0,275.0,48_3
361,933000320048284,IT266,M,unicam_07,UCAM,-33.33333333,2180.0,0.0,4.15,2.0,0.0,1.0,0.0,300.0,48_4
362,933000320048095,IT267,F,unicam_07,UCAM,53.33333333,1180.0,2.0,4.0,2.0,0.0,1.0,0.0,180.0,48_3
363,933000320048281,IT269,M,unicam_07,UCAM,6.666666667,5100.0,2.0,4.05,2.0,0.0,1.0,0.0,292.0,48_5
364,933000320048287,IT270,M,unicam_07,UCAM,-413.3333333,5340.0,4.0,3.625,2.0,0.0,1.0,0.0,280.0,48_6
365,933000320048651,IT273,M,unicam_07,UCAM,213.3333333,5260.0,2.0,2.175,2.0,0.0,1.0,0.0,258.0,48_7
366,933000320048669,IT274,M,unicam_07,UCAM,20.0,80.0,0.0,4.375,2.0,0.0,1.0,0.0,312.0,48_8
367,933000320048662,IT277,M,unicam_07,UCAM,40.0,1600.0,4.0,3.35,2.0,0.0,1.0,0.0,288.0,47_1
368,933000320048675,IT278,M,unicam_07,UCAM,20.0,1900.0,4.0,4.325,2.0,0.0,1.0,0.0,291.0,47_2
369,933000320048977,IT282,M,unicam_08,UCAM,-186.6666667,7140.0,4.0,4.225,2.0,0.0,1.0,0.0,280.0,46_2
370,933000320048993,IT284,F,unicam_08,UCAM,126.6666667,4520.0,4.0,5.05,2.0,0.0,1.0,0.0,179.0,46_2
371,933000320048966,IT285,M,unicam_08,UCAM,106.6666667,3180.0,0.0,6.35,2.0,0.0,1.0,0.0,260.0,46_3
372,933000320048973,IT286,M,unicam_08,UCAM,-913.3333333,6880.0,2.0,3.45,2.0,0.0,1.0,0.0,301.0,46_4
373,933000320048958,IT287,F,unicam_08,UCAM,-73.33333333,8920.0,4.0,4.2,2.0,0.0,1.0,0.0,189.0,46_3
374,933000320048961,IT288,F,unicam_08,UCAM,273.3333333,4820.0,4.0,3.3,2.0,0.0,1.0,0.0,181.0,46_4
375,933000320049060,IT293,M,unicam_08,UCAM,-6.666666667,6020.0,2.0,3.25,2.0,0.0,1.0,0.0,307.0,46_5
376,933000320049072,IT294,M,unicam_08,UCAM,413.3333333,3760.0,2.0,5.175,2.0,0.0,1.0,0.0,269.0,46_6
377,933000320049064,IT295,F,unicam_08,UCAM,-806.6666667,7900.0,1.0,3.025,2.0,0.0,1.0,0.0,187.0,46_5
378,933000320049051,IT296,F,unicam_08,UCAM,693.3333333,5580.0,0.0,4.15,2.0,0.0,1.0,0.0,200.0,46_6
379,933000320049058,IT299,F,unicam_08,UCAM,120.0,7940.0,4.0,3.0,2.0,0.0,1.0,0.0,195.0,46_7
380,933000320187474,IT301,M,unicam_08,UCAM,-60.0,1820.0,0.0,5.175,2.0,0.0,1.0,0.0,281.0,48_1
381,933000320187475,IT303,F,unicam_08,UCAM,-300.0,15900.0,2.0,6.075,2.0,0.0,1.0,0.0,178.0,48_1
382,933000320048411,IT305,M,unicam_08,UCAM,-993.3333333,6940.0,2.0,2.625,2.0,0.0,1.0,0.0,295.0,48_3
383,933000320048425,IT306,M,unicam_08,UCAM,-73.33333333,4120.0,2.0,3.325,2.0,0.0,1.0,0.0,237.0,48_4
384,933000320048408,IT309,M,unicam_08,UCAM,-153.3333333,5520.0,4.0,3.8,2.0,0.0,1.0,0.0,257.0,48_5
385,933000320048407,IT310,M,unicam_08,UCAM,-653.3333333,11780.0,2.0,3.625,2.0,0.0,1.0,0.0,280.0,48_6
386,933000320048417,IT311,F,unicam_08,UCAM,-113.3333333,1160.0,2.0,3.4,2.0,0.0,1.0,0.0,176.0,48_5
387,933000320048403,IT313,M,unicam_08,UCAM,-66.66666667,4240.0,2.0,3.4,2.0,0.0,1.0,0.0,272.0,48_7
388,933000320188063,IT322,M,unicam_09,UCAM,-66.66666667,1100.0,0.0,5.25,2.0,0.0,1.0,0.0,322.0,46_2
389,933000320188051,IT323,F,unicam_09,UCAM,220.0,820.0,9.0,3.975,2.0,0.0,1.0,0.0,175.0,46_1
390,933000320188067,IT325,M,unicam_09,UCAM,190.0,4260.0,2.0,4.525,2.0,0.0,1.0,0.0,311.0,46_3
391,933000320188406,IT336,F,unicam_09,UCAM,73.33333333,5080.0,0.0,3.0,2.0,0.0,1.0,0.0,186.0,46_4
392,933000320188411,IT338,M,unicam_09,UCAM,-1586.666667,10080.0,2.0,5.05,2.0,0.0,1.0,0.0,305.0,46_8
393,933000320188414,IT339,F,unicam_09,UCAM,6.666666667,220.0,0.0,4.275,2.0,0.0,1.0,0.0,178.0,46_5
394,933000320188376,IT343,F,unicam_09,UCAM,-1546.666667,12080.0,2.0,1.85,2.0,0.0,1.0,0.0,172.0,48_1
395,933000320188385,IT344,F,unicam_09,UCAM,-446.6666667,10380.0,4.0,3.0,2.0,0.0,1.0,0.0,181.0,48_2
396,933000320188390,IT348,F,unicam_09,UCAM,-93.33333333,8460.0,6.0,3.275,2.0,0.0,1.0,0.0,,
397,933000320188238,IT349,M,unicam_09,UCAM,-373.3333333,6880.0,2.0,4.45,2.0,0.0,1.0,0.0,280.0,48_5
398,933000320188242,IT350,M,unicam_09,UCAM,273.3333333,4940.0,4.0,6.4,2.0,0.0,1.0,0.0,289.0,48_6
399,933000320188377,IT351,F,unicam_09,UCAM,-826.6666667,13060.0,4.0,3.975,2.0,0.0,1.0,0.0,183.0,48_3
400,933000320188248,IT352,F,unicam_09,UCAM,26.66666667,4320.0,0.0,4.75,2.0,0.0,1.0,0.0,199.0,48_4
401,933000320188228,IT353,M,unicam_09,UCAM,-140.0,8420.0,0.0,4.225,2.0,0.0,1.0,0.0,225.0,48_7
402,933000320188234,IT357,M,unicam_09,UCAM,-273.3333333,7160.0,6.0,2.75,2.0,0.0,1.0,0.0,217.0,47_5
403,933000320188227,IT358,M,unicam_09,UCAM,-1093.333333,11800.0,6.0,3.45,2.0,0.0,1.0,0.0,267.0,47_6
404,933000320188229,IT359,F,unicam_09,UCAM,-760.0,6320.0,0.0,3.8,2.0,0.0,1.0,0.0,180.0,48_7
405,933000320188226,IT360,F,unicam_09,UCAM,-893.3333333,10920.0,4.0,3.825,2.0,0.0,1.0,0.0,182.0,48_8
406,933000320188587,IT362,M,unicam_10,UCAM,-173.3333333,2660.0,2.0,4.15,2.0,0.0,1.0,0.0,290.0,46_2
407,933000320188219,IT365,M,unicam_10,UCAM,-266.6666667,4640.0,0.0,3.625,2.0,0.0,1.0,0.0,290.0,46_3
408,933000320188223,IT366,M,unicam_10,UCAM,-226.6666667,5120.0,2.0,3.6,2.0,0.0,1.0,0.0,311.0,46_4
409,933000320188585,IT368,F,unicam_10,UCAM,186.6666667,9960.0,4.0,0.35,2.0,0.0,1.0,0.0,187.0,46_4
410,933000320188207,IT375,F,unicam_10,UCAM,-780.0,8560.0,6.0,3.525,2.0,0.0,1.0,0.0,185.0,46_5
411,933000320188206,IT376,F,unicam_10,UCAM,-173.3333333,2820.0,0.0,4.1,2.0,0.0,1.0,0.0,204.0,46_6
412,933000320188096,IT377,M,unicam_10,UCAM,-126.6666667,1640.0,0.0,3.675,2.0,0.0,1.0,0.0,247.0,46_7
413,933000320188203,IT378,M,unicam_10,UCAM,-93.33333333,2960.0,0.0,3.925,2.0,0.0,1.0,0.0,260.0,46_8
414,933000320188078,IT381,M,unicam_10,UCAM,-740.0,6360.0,4.0,4.775,2.0,0.0,1.0,0.0,286.0,48_1
415,933000320188091,IT383,F,unicam_10,UCAM,793.3333333,4920.0,4.0,3.2,2.0,0.0,1.0,0.0,205.0,48_1
416,933000320188750,IT385,M,unicam_10,UCAM,406.6666667,4920.0,0.0,2.95,2.0,0.0,1.0,0.0,277.0,48_3
417,933000320188082,IT386,M,unicam_10,UCAM,-240.0,6020.0,4.0,2.975,2.0,0.0,1.0,0.0,322.0,48_4
418,933000320188080,IT387,F,unicam_10,UCAM,-860.0,4080.0,6.0,4.3,2.0,0.0,1.0,0.0,197.0,48_3
419,933000320188461,IT390,M,unicam_10,UCAM,300.0,1460.0,2.0,3.3,2.0,0.0,1.0,0.0,250.0,48_6
420,933000320188451,IT393,M,unicam_10,UCAM,-360.0,6900.0,2.0,3.175,2.0,0.0,1.0,0.0,262.0,48_7
421,933000320188622,IT395,F,unicam_10,UCAM,-613.3333333,11000.0,9.0,1.6,2.0,0.0,1.0,0.0,187.0,48_7
422,933000320188617,IT399,F,unicam_10,UCAM,-233.3333333,5360.0,2.0,4.575,2.0,0.0,1.0,0.0,190.0,47_3
423,933000320188615,IT400,F,unicam_10,UCAM,-180.0,7500.0,4.0,3.55,2.0,0.0,1.0,0.0,168.0,47_4
424,933000320188512,IT402,M,unicam_11,UCAM,333.3333333,1500.0,2.0,4.625,2.0,0.0,1.0,0.0,307.0,46_2
425,933000320188518,IT406,M,unicam_11,UCAM,-866.6666667,11580.0,6.0,4.3,2.0,0.0,1.0,0.0,308.0,46_4
426,933000320188501,IT408,F,unicam_11,UCAM,-773.3333333,13120.0,4.0,4.375,2.0,0.0,1.0,0.0,203.0,46_4
427,933000320188534,IT414,M,unicam_11,UCAM,280.0,2960.0,4.0,3.225,2.0,0.0,1.0,0.0,320.0,46_6
428,933000320188304,IT416,F,unicam_11,UCAM,-180.0,6920.0,4.0,3.05,2.0,0.0,1.0,0.0,172.0,46_6
429,933000320188129,IT430,M,unicam_11,UCAM,-340.0,4180.0,4.0,4.525,2.0,0.0,1.0,0.0,,
430,933000320188324,IT431,F,unicam_11,UCAM,293.3333333,6680.0,4.0,1.775,2.0,0.0,1.0,0.0,205.0,48_5
431,933000320188315,IT433,M,unicam_11,UCAM,-46.66666667,2540.0,2.0,3.475,2.0,0.0,1.0,0.0,,
432,933000320188323,IT436,F,unicam_11,UCAM,93.33333333,6840.0,6.0,2.65,2.0,0.0,1.0,0.0,163.0,48_8
433,933000320188319,IT437,M,unicam_11,UCAM,-566.6666667,4900.0,4.0,5.45,2.0,0.0,1.0,0.0,269.0,47_5
434,933000320188309,IT438,M,unicam_11,UCAM,-100.0,5640.0,2.0,2.6,2.0,0.0,1.0,0.0,278.0,47_6
435,933000320188320,IT440,F,unicam_11,UCAM,-46.66666667,4760.0,6.0,3.65,2.0,0.0,1.0,0.0,176.0,47_8
436,933000320188346,IT444,F,unicam_12,UCAM,-520.0,5060.0,2.0,3.45,2.0,0.0,1.0,0.0,201.0,46_2
437,933000320188336,IT445,M,unicam_12,UCAM,-280.0,3380.0,2.0,5.975,2.0,0.0,1.0,0.0,340.0,46_3
438,933000320188329,IT448,F,unicam_12,UCAM,-413.3333333,6920.0,2.0,3.6,2.0,0.0,1.0,0.0,202.0,46_4
439,933000320499778,IT462,M,unicam_12,UCAM,-33.33333333,5000.0,4.0,3.75,2.0,0.0,1.0,0.0,250.0,48_2
440,933000320499780,IT464,F,unicam_12,UCAM,-246.6666667,5780.0,4.0,3.525,2.0,0.0,1.0,0.0,188.0,48_2
441,933000320500237,IT465,M,unicam_12,UCAM,-80.0,2080.0,4.0,4.125,2.0,0.0,1.0,0.0,242.0,48_3
442,933000320500248,IT466,M,unicam_12,UCAM,-400.0,4540.0,6.0,4.25,2.0,0.0,1.0,0.0,275.0,48_4
443,933000320500244,IT467,F,unicam_12,UCAM,-646.6666667,5900.0,6.0,3.35,2.0,0.0,1.0,0.0,199.0,48_3
444,933000320500246,IT468,F,unicam_12,UCAM,-1586.666667,8360.0,2.0,2.325,2.0,0.0,1.0,0.0,167.0,48_4
445,933000320499739,IT473,M,unicam_12,UCAM,-313.3333333,4860.0,6.0,3.0,2.0,0.0,1.0,0.0,311.0,48_6
446,933000320499731,IT474,M,unicam_12,UCAM,13.33333333,2980.0,6.0,2.75,2.0,0.0,1.0,0.0,281.0,48_7
447,933000320499732,IT476,F,unicam_12,UCAM,153.3333333,4480.0,6.0,3.725,2.0,0.0,1.0,0.0,183.0,48_6
448,933000320499917,IT477,M,unicam_12,UCAM,-413.3333333,4620.0,4.0,3.4,2.0,0.0,1.0,0.0,290.0,48_8
449,933000320500003,IT481,M,unicam_13,UCAM,-246.6666667,9100.0,4.0,1.6,2.0,0.0,1.0,0.0,300.0,46_1
450,933000320499965,IT485,M,unicam_13,UCAM,113.3333333,2560.0,0.0,4.425,2.0,0.0,1.0,0.0,280.0,46_3
451,933000320499956,IT486,M,unicam_13,UCAM,-46.66666667,4740.0,4.0,3.1,2.0,0.0,1.0,0.0,307.0,46_4
452,933000320499958,IT487,F,unicam_13,UCAM,-1646.666667,8580.0,4.0,2.625,2.0,0.0,1.0,0.0,232.0,46_3
453,933000320499954,IT488,F,unicam_13,UCAM,-273.3333333,6200.0,2.0,3.6,2.0,0.0,1.0,0.0,198.0,46_4
454,933000320499997,IT493,M,unicam_13,UCAM,-160.0,6800.0,2.0,1.575,2.0,0.0,1.0,0.0,337.0,46_5
455,933000320500326,IT496,F,unicam_13,UCAM,280.0,4520.0,6.0,2.7,2.0,0.0,1.0,0.0,204.0,46_6
456,933000320500323,IT498,M,unicam_13,UCAM,-26.66666667,2540.0,4.0,4.675,2.0,0.0,1.0,0.0,320.0,46_8
457,933000320500322,IT500,F,unicam_13,UCAM,-420.0,11600.0,6.0,2.525,2.0,0.0,1.0,0.0,220.0,46_8
458,933000320500122,IT503,F,unicam_13,UCAM,-120.0,5500.0,4.0,3.625,2.0,0.0,1.0,0.0,213.0,48_1
459,933000320500312,IT509,M,unicam_13,UCAM,46.66666667,4320.0,2.0,3.85,2.0,0.0,1.0,0.0,310.0,48_5
460,933000320500105,IT512,F,unicam_13,UCAM,-40.0,3680.0,2.0,3.675,2.0,0.0,1.0,0.0,184.0,48_6
461,933000320500415,IT521,M,unicam_14,UCAM,-66.66666667,2640.0,2.0,4.225,2.0,0.0,1.0,0.0,,
462,933000320500410,IT522,M,unicam_14,UCAM,-213.3333333,2440.0,2.0,4.425,2.0,0.0,1.0,0.0,343.0,46_2
463,933000320500401,IT524,F,unicam_14,UCAM,-360.0,5720.0,4.0,3.95,2.0,0.0,1.0,0.0,217.0,46_2
464,933000320500394,IT526,M,unicam_14,UCAM,-633.3333333,6240.0,2.0,2.025,2.0,0.0,1.0,0.0,360.0,46_4
465,933000320500380,IT528,F,unicam_14,UCAM,-393.3333333,7260.0,4.0,3.975,2.0,0.0,1.0,0.0,188.0,46_4
466,933000320500377,IT534,M,unicam_14,UCAM,-260.0,4320.0,4.0,3.55,2.0,0.0,1.0,0.0,327.0,46_6
467,933000320500378,IT535,F,unicam_14,UCAM,-200.0,7280.0,4.0,2.75,2.0,0.0,1.0,0.0,182.0,46_5
468,933000320500298,IT541,M,unicam_14,UCAM,-13.33333333,3940.0,2.0,3.6,2.0,0.0,1.0,0.0,331.0,48_1
469,933000320500294,IT543,F,unicam_14,UCAM,213.3333333,3460.0,0.0,3.75,2.0,0.0,1.0,0.0,200.0,48_1
470,933000320500282,IT545,M,unicam_14,UCAM,-80.0,5300.0,0.0,3.525,2.0,0.0,1.0,0.0,321.0,48_3
471,933000320500031,IT549,M,unicam_14,UCAM,-326.6666667,2880.0,2.0,4.575,2.0,0.0,1.0,0.0,300.0,48_5
472,933000320500278,IT553,M,unicam_14,UCAM,-1240.0,11100.0,6.0,1.675,2.0,0.0,1.0,0.0,322.0,48_6
473,933000320500279,IT554,M,unicam_14,UCAM,-260.0,6160.0,6.0,1.975,2.0,0.0,1.0,0.0,275.0,48_7
474,933000320500145,IT557,M,unicam_14,UCAM,133.3333333,2940.0,0.0,3.375,2.0,0.0,1.0,0.0,315.0,48_8
475,933000320500144,IT560,F,unicam_14,UCAM,-453.3333333,5420.0,2.0,3.5,2.0,0.0,1.0,0.0,199.0,47_3
476,933000320525433,IT575,F,unicam_16,UCAM,-153.3333333,12180.0,2.0,2.525,2.0,0.0,1.0,0.0,,
477,933000320525454,IT582,M,unicam_16,UCAM,-380.0,8080.0,2.0,3.375,2.0,0.0,1.0,0.0,226.0,48_1
478,933000320525487,IT589,M,unicam_16,UCAM,-253.3333333,6220.0,2.0,2.325,2.0,0.0,1.0,0.0,272.0,48_4
479,933000320525479,IT592,F,unicam_16,UCAM,206.6666667,2320.0,9.0,2.825,2.0,0.0,1.0,0.0,186.0,48_5
480,933000320697473,IT593,M,unicam_16,UCAM,-1146.666667,8040.0,2.0,3.725,2.0,0.0,1.0,0.0,189.0,48_6
481,933000320697471,IT595,F,unicam_16,UCAM,53.33333333,5460.0,4.0,3.6,2.0,0.0,1.0,0.0,144.0,48_6
482,933000320697462,IT598,M,unicam_16,UCAM,-140.0,5720.0,2.0,2.65,2.0,0.0,1.0,0.0,189.0,47_6
483,933000320046675,KAL042,M,MUSC02,MUSC,613.3333333,4600.0,2.0,3.0,2.0,0.0,1.0,0.0,243.0,O_5
484,933000320046674,KAL047,F,MUSC02,MUSC,66.66666667,960.0,1.0,3.5,2.0,0.0,1.0,0.0,168.0,O_1
485,933000320046673,KAL051,F,MUSC02,MUSC,926.6666667,9320.0,9.0,4.525,2.0,0.0,1.0,0.0,174.0,L_1
486,933000320046945,KAL056,F,MUSC02,MUSC,533.3333333,7600.0,6.0,3.5,2.0,0.0,1.0,0.0,184.0,L_1
487,933000320046701,KAL065,M,MUSC02,MUSC,260.0,5380.0,2.0,2.925,2.0,0.0,1.0,0.0,220.0,R_6
488,933000320046705,KAL068,F,MUSC02,MUSC,-373.3333333,7920.0,4.0,3.225,2.0,0.0,1.0,0.0,156.0,R_2
489,933000320046702,KAL069,M,MUSC02,MUSC,200.0,3580.0,12.0,3.325,2.0,0.0,1.0,0.0,238.0,R_6
490,933000320046722,KAL072,F,MUSC02,MUSC,-213.3333333,5800.0,12.0,2.725,2.0,0.0,1.0,0.0,148.0,R_2
491,933000320046723,KAL074,M,MUSC02,MUSC,173.3333333,4020.0,4.0,3.15,2.0,0.0,1.0,0.0,200.0,R_4
492,933000320046712,KAL075,F,MUSC02,MUSC,-66.66666667,5060.0,9.0,2.925,2.0,0.0,1.0,0.0,178.0,R_3
493,933000320046973,KAL077,M,MUSC02,MUSC,373.3333333,4260.0,12.0,4.0,2.0,0.0,1.0,0.0,192.0,R_4
494,933000320046967,KAL079,F,MUSC02,MUSC,1066.666667,6860.0,9.0,3.7,2.0,0.0,1.0,0.0,147.0,R_3
495,933000320047059,KAL081,M,MUSC03,MUSC,546.6666667,3960.0,9.0,3.9,2.0,0.0,1.0,0.0,256.0,R_1
496,933000320047072,KAL082,M,MUSC03,MUSC,-40.0,1440.0,2.0,3.975,2.0,0.0,1.0,0.0,242.0,R_1
497,933000320047074,KAL083,F,MUSC03,MUSC,220.0,7180.0,2.0,3.525,2.0,0.0,1.0,0.0,157.0,R_3
498,933000320047063,KAL084,F,MUSC03,MUSC,-233.3333333,13620.0,15.0,4.025,2.0,0.0,1.0,0.0,166.0,R_3
499,933000320047070,KAL086,M,MUSC03,MUSC,113.3333333,5900.0,6.0,4.6,2.0,0.0,1.0,0.0,230.0,R_1
500,933000320047075,KAL088,F,MUSC03,MUSC,393.3333333,9620.0,15.0,4.725,2.0,0.0,1.0,0.0,162.0,R_3
501,933000320047067,KAL091,F,MUSC03,MUSC,-493.3333333,6780.0,15.0,3.65,2.0,0.0,1.0,0.0,142.0,R_3
502,933000320047057,KAL092,F,MUSC03,MUSC,546.6666667,10000.0,12.0,5.05,2.0,0.0,1.0,0.0,,
503,933000320047215,KAL094,M,MUSC03,MUSC,200.0,5240.0,6.0,3.275,2.0,0.0,1.0,0.0,247.0,R_1
504,933000320047224,KAL099,F,MUSC03,MUSC,-420.0,6140.0,6.0,3.475,2.0,0.0,1.0,0.0,164.0,O_3
505,933000320047218,KAL100,F,MUSC03,MUSC,-286.6666667,11780.0,12.0,3.275,2.0,0.0,1.0,0.0,164.0,O_3
506,933000320047187,KAL101,M,MUSC03,MUSC,-66.66666667,5220.0,2.0,4.25,2.0,0.0,1.0,0.0,202.0,O_2
507,933000320047200,KAL102,M,MUSC03,MUSC,213.3333333,9520.0,15.0,5.625,2.0,0.0,1.0,0.0,219.0,O_2
508,933000320047198,KAL104,F,MUSC03,MUSC,-780.0,13640.0,12.0,4.225,2.0,0.0,1.0,0.0,132.0,O_4
509,933000320047191,KAL105,M,MUSC03,MUSC,0.0,500.0,0.0,4.925,2.0,0.0,1.0,0.0,258.0,L_2
510,933000320047192,KAL109,M,MUSC03,MUSC,100.0,7460.0,12.0,3.65,2.0,0.0,1.0,0.0,211.0,L_2
511,933000320047185,KAL110,M,MUSC03,MUSC,333.3333333,5380.0,2.0,4.85,2.0,0.0,1.0,0.0,200.0,L_2
512,933000320047177,KAL111,F,MUSC03,MUSC,126.6666667,19020.0,2.0,2.625,2.0,0.0,1.0,0.0,142.0,L_4
513,933000320047194,KAL112,F,MUSC03,MUSC,-1066.666667,11120.0,6.0,3.95,2.0,0.0,1.0,0.0,145.0,L_4
514,933000320047030,KAL116,F,MUSC03,MUSC,426.6666667,5780.0,12.0,2.8,2.0,0.0,1.0,0.0,136.0,L_4
515,933000320047996,KAL122,M,MUSC04,MUSC,-266.6666667,2600.0,2.0,2.9,2.0,0.0,1.0,0.0,339.0,R_1
516,933000320047997,KAL123,F,MUSC04,MUSC,-180.0,4840.0,2.0,3.2,2.0,0.0,1.0,0.0,166.0,R_3
517,933000320047803,KAL126,M,MUSC04,MUSC,-166.6666667,2820.0,2.0,3.65,2.0,0.0,1.0,0.0,305.0,R_1
518,933000320047808,KAL127,F,MUSC04,MUSC,40.0,8260.0,9.0,2.975,2.0,0.0,1.0,0.0,183.0,R_3
519,933000320047739,KAL141,M,MUSC04,MUSC,633.3333333,5920.0,6.0,2.5,2.0,0.0,1.0,0.0,258.0,O_2
520,933000320047738,KAL142,M,MUSC04,MUSC,53.33333333,1420.0,4.0,3.175,2.0,0.0,1.0,0.0,285.0,O_2
521,933000320047737,KAL145,M,MUSC04,MUSC,-113.3333333,980.0,2.0,3.65,2.0,0.0,1.0,0.0,292.0,L_2
522,933000320047735,KAL147,F,MUSC04,MUSC,-306.6666667,20440.0,4.0,3.35,2.0,0.0,1.0,0.0,170.0,L_4
523,933000320047573,KAL152,F,MUSC04,MUSC,-300.0,4380.0,1.0,3.125,2.0,0.0,1.0,0.0,174.0,L_4
524,933000320047570,KAL153,M,MUSC04,MUSC,-1393.333333,18380.0,6.0,2.1,2.0,0.0,1.0,0.0,288.0,L_2
525,933000320047562,KAL155,F,MUSC04,MUSC,420.0,9300.0,6.0,3.575,2.0,0.0,1.0,0.0,182.0,L_4
526,933000320186936,KAL161,M,MUSC05,MUSC,213.3333333,4260.0,1.0,2.9,2.0,0.0,1.0,0.0,282.0,R_1
527,933000320186945,KAL162,M,MUSC05,MUSC,26.66666667,1380.0,0.0,2.875,2.0,0.0,1.0,0.0,290.0,R_1
528,933000320186867,KAL163,F,MUSC05,MUSC,-686.6666667,6300.0,2.0,3.175,2.0,0.0,1.0,0.0,179.0,R_3
529,933000320186929,KAL165,M,MUSC05,MUSC,-40.0,760.0,1.0,2.8,2.0,0.0,1.0,0.0,250.0,R_1
530,933000320186932,KAL166,M,MUSC05,MUSC,-173.3333333,12420.0,6.0,2.6,2.0,0.0,1.0,0.0,263.0,R_1
531,933000320187120,KAL174,M,MUSC05,MUSC,306.6666667,4080.0,6.0,3.825,2.0,0.0,1.0,0.0,271.0,R_1
532,933000320187110,KAL175,F,MUSC05,MUSC,-1333.333333,9500.0,6.0,2.925,2.0,0.0,1.0,0.0,183.0,R_3
533,933000320187019,KAL187,F,MUSC05,MUSC,-233.3333333,8720.0,9.0,2.85,2.0,0.0,1.0,0.0,151.0,L_4
534,933000320187024,KAL189,M,MUSC05,MUSC,-20.0,800.0,1.0,3.425,2.0,0.0,1.0,0.0,233.0,L_2
535,933000320187016,KAL191,F,MUSC05,MUSC,-1286.666667,23640.0,9.0,2.95,2.0,0.0,1.0,0.0,163.0,L_4
536,933000320187328,KAL207,F,MUSC06,MUSC,-106.6666667,3860.0,12.0,2.95,2.0,0.0,1.0,0.0,166.0,R_3
537,933000320187434,KAL209,M,MUSC06,MUSC,-280.0,11560.0,20.0,1.625,2.0,0.0,1.0,0.0,213.0,R_1
538,933000320187258,KAL210,M,MUSC06,MUSC,-73.33333333,12060.0,9.0,2.55,2.0,0.0,1.0,0.0,320.0,R_1
539,933000320187265,KAL214,M,MUSC06,MUSC,426.6666667,2540.0,15.0,2.025,2.0,0.0,1.0,0.0,209.0,R_1
540,933000320187391,KAL218,M,MUSC06,MUSC,393.3333333,4940.0,9.0,3.1,2.0,0.0,1.0,0.0,342.0,R_1
541,933000320187393,KAL219,F,MUSC06,MUSC,-26.66666667,12340.0,9.0,2.325,2.0,0.0,1.0,0.0,165.0,R_3
542,933000320187395,KAL224,F,MUSC06,MUSC,-360.0,6200.0,4.0,3.2,2.0,0.0,1.0,0.0,175.0,R_4
543,933000320048182,KAL228,F,MUSC06,MUSC,-240.0,15420.0,9.0,2.275,2.0,0.0,1.0,0.0,151.0,L_4
544,933000320187297,KAL229,M,MUSC06,MUSC,-353.3333333,8300.0,6.0,2.05,2.0,0.0,1.0,0.0,236.0,L_2
545,933000320187286,KAL232,F,MUSC06,MUSC,413.3333333,7440.0,4.0,3.075,2.0,0.0,1.0,0.0,183.0,L_4
546,933000320187279,KAL233,M,MUSC06,MUSC,-206.6666667,10260.0,9.0,2.825,2.0,0.0,1.0,0.0,240.0,L_2
547,933000320048318,KAL245,M,MUSC07,MUSC,46.66666667,800.0,2.0,3.05,2.0,0.0,1.0,0.0,309.0,R_1
548,933000320048322,KAL246,M,MUSC07,MUSC,366.6666667,3740.0,12.0,2.45,2.0,0.0,1.0,0.0,268.0,R_1
549,933000320048120,KAL247,F,MUSC07,MUSC,-193.3333333,4260.0,6.0,3.675,2.0,0.0,1.0,0.0,167.0,R_3
550,933000320048102,KAL248,F,MUSC07,MUSC,-93.33333333,7340.0,2.0,3.025,2.0,0.0,1.0,0.0,165.0,R_3
551,933000320048156,KAL255,F,MUSC07,MUSC,593.3333333,8860.0,4.0,3.125,2.0,0.0,1.0,0.0,180.0,R_3
552,933000320048162,KAL258,F,MUSC07,MUSC,826.6666667,7200.0,2.0,2.325,2.0,0.0,1.0,0.0,190.0,R_3
553,933000320048171,KAL259,F,MUSC07,MUSC,240.0,3980.0,15.0,2.8,2.0,0.0,1.0,0.0,163.0,R_3
554,933000320048288,KAL272,F,MUSC07,MUSC,206.6666667,7920.0,4.0,2.825,2.0,0.0,1.0,0.0,149.0,L_4
555,933000320048671,KAL277,M,MUSC07,MUSC,440.0,5740.0,9.0,2.3,2.0,0.0,1.0,0.0,253.0,L_2
556,933000320048955,KAL281,M,MUSC08,MUSC,-373.33,2940.0,2.0,3.375,2.0,0.0,1.0,0.0,324.0,R_1
557,933000320048990,KAL282,M,MUSC08,MUSC,326.67,3500.0,12.0,2.975,2.0,0.0,1.0,0.0,288.0,R_1
558,933000320048996,KAL283,F,MUSC08,MUSC,-633.33,5880.0,3.0,3.15,2.0,0.0,1.0,0.0,193.0,R_3
559,933000320048989,KAL284,F,MUSC08,MUSC,-406.67,4660.0,6.0,3.225,2.0,0.0,1.0,0.0,201.0,R_3
560,933000320048979,KAL285,M,MUSC08,MUSC,-300.0,10480.0,9.0,2.1,2.0,0.0,1.0,0.0,327.0,R_1
561,933000320048954,KAL286,M,MUSC08,MUSC,-166.67,3420.0,6.0,3.225,2.0,0.0,1.0,0.0,289.0,R_1
562,933000320048974,KAL287,F,MUSC08,MUSC,-1266.67,11740.0,4.0,3.15,2.0,0.0,1.0,0.0,180.0,R_3
563,933000320048861,KAL289,M,MUSC08,MUSC,-206.67,1660.0,4.0,2.9,2.0,0.0,1.0,0.0,325.0,R_1
564,933000320048874,KAL290,M,MUSC08,MUSC,-33.33,480.0,0.0,3.375,2.0,0.0,1.0,0.0,289.0,R_1
565,933000320049062,KAL294,M,MUSC08,MUSC,293.33,3040.0,12.0,2.225,2.0,0.0,1.0,0.0,299.0,R_1
566,933000320049055,KAL299,F,MUSC08,MUSC,686.67,5760.0,12.0,3.675,2.0,0.0,1.0,0.0,205.0,R_3
567,933000320049057,KAL300,F,MUSC08,MUSC,320.0,9540.0,12.0,2.875,2.0,0.0,1.0,0.0,175.0,R_3
568,933000320048413,KAL304,F,MUSC08,MUSC,553.33,11900.0,6.0,2.675,2.0,0.0,1.0,0.0,176.0,R_4
569,933000320048416,KAL306,M,MUSC08,MUSC,73.33,1640.0,6.0,2.875,2.0,0.0,1.0,0.0,230.0,L_2
570,933000320048410,KAL310,M,MUSC08,MUSC,33.33,4040.0,12.0,2.925,2.0,0.0,1.0,0.0,252.0,L_2
571,933000320048420,KAL312,F,MUSC08,MUSC,66.67,4360.0,20.0,2.475,2.0,0.0,1.0,0.0,138.0,L_4
572,933000320048866,KAL315,F,MUSC08,MUSC,100.0,2160.0,4.0,3.825,2.0,0.0,1.0,0.0,159.0,L_4
573,933000320188404,KAL333,M,MUSC09,MUSC,186.67,5420.0,4.0,3.25,2.0,0.0,1.0,0.0,299.0,R_1
574,933000320188409,KAL339,F,MUSC09,MUSC,-780.0,7700.0,6.0,3.375,2.0,0.0,1.0,0.0,196.0,R_3
575,933000320188420,KAL340,F,MUSC09,MUSC,-546.67,6420.0,6.0,3.275,2.0,0.0,1.0,0.0,167.0,R_3
576,933000320188243,KAL347,F,MUSC09,MUSC,380.0,12040.0,9.0,2.05,2.0,0.0,1.0,0.0,167.0,L_4
577,933000320188379,KAL348,F,MUSC09,MUSC,326.67,6920.0,6.0,3.05,2.0,0.0,1.0,0.0,156.0,L_4
578,933000320188232,KAL349,M,MUSC09,MUSC,220.0,6700.0,6.0,2.325,2.0,0.0,1.0,0.0,259.0,L_2
579,933000320188237,KAL353,M,MUSC09,MUSC,393.33,6080.0,6.0,2.35,2.0,0.0,1.0,0.0,274.0,L_2
580,933000320188235,KAL354,M,MUSC09,MUSC,-133.33,9260.0,1.0,2.225,2.0,0.0,1.0,0.0,243.0,L_2
581,933000320188580,KAL361,M,MUSC10,MUSC,453.33,4720.0,6.0,3.55,2.0,0.0,1.0,0.0,278.0,R_1
582,933000320188221,KAL365,M,MUSC10,MUSC,-433.33,13900.0,9.0,2.375,2.0,0.0,1.0,0.0,331.0,R_1
583,933000320188222,KAL366,M,MUSC10,MUSC,240.0,5220.0,2.0,2.675,2.0,0.0,1.0,0.0,289.0,R_1
584,933000320188211,KAL367,F,MUSC10,MUSC,80.0,5120.0,4.0,2.85,2.0,0.0,1.0,0.0,195.0,R_3
585,933000320188220,KAL368,F,MUSC10,MUSC,133.33,10660.0,6.0,2.4,2.0,0.0,1.0,0.0,185.0,R_3
586,933000320188201,KAL374,M,MUSC10,MUSC,140.0,5840.0,6.0,2.6,2.0,0.0,1.0,0.0,299.0,R_1
587,933000320188204,KAL376,F,MUSC10,MUSC,-280.0,14860.0,12.0,2.875,2.0,0.0,1.0,0.0,,
588,933000320188100,KAL382,M,MUSC10,MUSC,100.0,9360.0,6.0,2.1,2.0,0.0,1.0,0.0,268.0,R_2
589,933000320188459,KAL391,F,MUSC10,MUSC,-420.0,13540.0,4.0,3.025,2.0,0.0,1.0,0.0,174.0,L_4
590,933000320188623,KAL393,M,MUSC10,MUSC,-393.33,14060.0,12.0,1.525,2.0,0.0,1.0,0.0,254.0,L_2
591,933000320188610,KAL395,F,MUSC10,MUSC,-780.0,15140.0,9.0,1.575,2.0,0.0,1.0,0.0,176.0,L_4
592,933000320188507,KAL402,M,MUSC11,MUSC,113.0,10040.0,9.0,2.675,2.0,0.0,1.0,0.0,321.0,R_1
593,933000320188515,KAL403,F,MUSC11,MUSC,413.0,10320.0,9.0,3.0,2.0,0.0,1.0,0.0,170.0,R_3
594,933000320188513,KAL404,F,MUSC11,MUSC,700.0,7060.0,4.0,2.75,2.0,0.0,1.0,0.0,183.0,R_3
595,933000320188505,KAL406,M,MUSC11,MUSC,200.0,3100.0,6.0,3.45,2.0,0.0,1.0,0.0,288.0,R_1
596,933000320188527,KAL414,M,MUSC11,MUSC,207.0,4660.0,4.0,2.625,2.0,0.0,1.0,0.0,273.0,R_1
597,933000320188135,KAL417,M,MUSC11,MUSC,127.0,3900.0,2.0,2.9,2.0,0.0,1.0,0.0,254.0,R_1
598,933000320188126,KAL420,F,MUSC11,MUSC,413.0,6000.0,15.0,3.25,2.0,0.0,1.0,0.0,168.0,R_3
599,933000320188149,KAL423,F,MUSC11,MUSC,293.0,4880.0,9.0,2.55,2.0,0.0,1.0,0.0,202.0,R_4
600,933000320188328,KAL448,F,MUSC12,MUSC,547.0,6800.0,6.0,2.425,2.0,0.0,1.0,0.0,162.0,R_3
601,933000320499888,KAL449,M,MUSC12,MUSC,-173.0,9100.0,20.0,1.4,2.0,0.0,1.0,0.0,288.0,R_1
602,933000320499795,KAL458,M,MUSC12,MUSC,-27.0,3560.0,6.0,2.875,2.0,0.0,1.0,0.0,290.0,R_1
603,933000320499799,KAL460,F,MUSC12,MUSC,13.0,5640.0,12.0,2.7,2.0,0.0,1.0,0.0,189.0,R_3
604,933000320500247,KAL461,M,MUSC12,MUSC,-87.0,6840.0,12.0,2.05,2.0,0.0,1.0,0.0,284.0,R_2
605,933000320500250,KAL463,F,MUSC12,MUSC,-7.0,6780.0,12.0,2.925,2.0,0.0,1.0,0.0,191.0,R_4
606,933000320499734,KAL475,F,MUSC12,MUSC,207.0,8420.0,9.0,2.875,2.0,0.0,1.0,0.0,180.0,L_4
607,933000320499733,KAL476,F,MUSC12,MUSC,360.0,11120.0,2.0,2.45,2.0,0.0,1.0,0.0,168.0,L_4
608,933000320499960,KAL487,F,MUSC13,MUSC,167.0,2360.0,2.0,3.125,2.0,0.0,1.0,0.0,187.0,R_3
609,933000320500345,KAL492,F,MUSC13,MUSC,-140.0,4640.0,1.0,3.075,2.0,0.0,1.0,0.0,192.0,R_3
610,933000320500328,KAL495,F,MUSC13,MUSC,447.0,5540.0,9.0,2.55,2.0,0.0,1.0,0.0,222.0,R_3
611,933000320500329,KAL496,F,MUSC13,MUSC,160.0,10600.0,6.0,2.7,2.0,0.0,1.0,0.0,228.0,R_3
612,933000320500318,KAL497,M,MUSC13,MUSC,413.0,4980.0,4.0,3.175,2.0,0.0,1.0,0.0,299.0,R_1
613,933000320500320,KAL499,F,MUSC13,MUSC,0.0,15740.0,12.0,1.425,2.0,0.0,1.0,0.0,182.0,R_3
614,933000320500115,KAL507,F,MUSC13,MUSC,300.0,9420.0,6.0,2.375,2.0,0.0,1.0,0.0,148.0,L_4
615,933000320500199,KAL516,F,MUSC13,MUSC,-627.0,13900.0,9.0,2.675,2.0,0.0,1.0,0.0,189.0,L_4
616,933000320500389,KAL527,F,MUSC14,MUSC,393.0,2920.0,15.0,2.275,2.0,0.0,1.0,0.0,183.0,R_3
617,933000320500047,KAL536,F,MUSC14,MUSC,113.0,6440.0,6.0,2.85,2.0,0.0,1.0,0.0,176.0,R_3
618,933000320500291,KAL542,M,MUSC14,MUSC,-393.0,8780.0,9.0,3.05,2.0,0.0,1.0,0.0,329.0,R_2
619,933000320500300,KAL544,F,MUSC14,MUSC,133.0,2420.0,4.0,2.775,2.0,0.0,1.0,0.0,180.0,R_4
620,933000320500283,KAL545,M,MUSC14,MUSC,-460.0,10160.0,20.0,1.75,2.0,0.0,1.0,0.0,281.0,L_2
621,933000320500148,KAL555,F,MUSC14,MUSC,-407.0,19040.0,6.0,1.85,2.0,0.0,1.0,0.0,204.0,L_4
622,933000320524195,KAL563,F,MUSC15,MUSC,153.33,980.0,1.0,2.95,2.0,0.0,1.0,0.0,188.0,R_3
623,933000320524197,KAL564,F,MUSC15,MUSC,993.33,5080.0,4.0,2.9,2.0,0.0,1.0,0.0,184.0,R_3
624,933000320524190,KAL565,M,MUSC15,MUSC,13.33,1740.0,1.0,3.55,2.0,0.0,1.0,0.0,316.0,R_1
625,933000320524189,KAL566,M,MUSC15,MUSC,-40.0,1180.0,2.0,2.825,2.0,0.0,1.0,0.0,284.0,R_1
626,933000320524188,KAL567,F,MUSC15,MUSC,260.0,3940.0,4.0,3.025,2.0,0.0,1.0,0.0,184.0,R_3
627,933000320524182,KAL568,F,MUSC15,MUSC,26.67,4100.0,4.0,2.95,2.0,0.0,1.0,0.0,192.0,R_3
628,933000320524324,KAL578,M,MUSC15,MUSC,346.67,4360.0,15.0,2.3,2.0,0.0,1.0,0.0,264.0,R_1
629,933000320524323,KAL580,F,MUSC15,MUSC,893.33,6940.0,12.0,1.975,2.0,0.0,1.0,0.0,170.0,R_3
630,933000320525345,KAL603,F,MUSC16,MUSC,666.67,6160.0,1.0,2.675,2.0,0.0,1.0,0.0,,
631,933000320525332,KAL605,M,MUSC16,MUSC,306.67,7140.0,2.0,2.6,2.0,0.0,1.0,0.0,,
632,933000320525335,KAL606,M,MUSC16,MUSC,60.0,3000.0,4.0,3.1,2.0,0.0,1.0,0.0,,
633,933000320525329,KAL608,F,MUSC16,MUSC,-220.0,4980.0,4.0,2.85,2.0,0.0,1.0,0.0,,
634,933000320525320,KAL610,M,MUSC16,MUSC,-80.0,3760.0,1.0,3.35,2.0,0.0,1.0,0.0,274.0,R_1
635,933000320525431,KAL615,F,MUSC16,MUSC,1013.33,5780.0,12.0,2.55,2.0,0.0,1.0,0.0,189.0,R_3
636,933000320525449,KAL618,M,MUSC16,MUSC,0.0,420.0,2.0,2.825,2.0,0.0,1.0,0.0,258.0,R_1
637,933000320525448,KAL619,F,MUSC16,MUSC,306.67,3460.0,6.0,2.775,2.0,0.0,1.0,0.0,,
638,933000320525499,KAL623,F,MUSC16,MUSC,326.67,3500.0,4.0,2.925,2.0,0.0,1.0,0.0,,
639,933000320697638,KAL641,M,MUSC17,MUSC,233.33,8900.0,9.0,2.55,2.0,0.0,1.0,0.0,307.0,R_1
640,933000320697636,KAL643,F,MUSC17,MUSC,1073.33,5280.0,4.0,2.375,2.0,0.0,1.0,0.0,179.0,R_3
641,933000320697639,KAL647,F,MUSC17,MUSC,593.33,6200.0,6.0,3.3,2.0,0.0,1.0,0.0,188.0,R_3
642,933000320697640,KAL648,F,MUSC17,MUSC,320.0,6500.0,2.0,2.65,2.0,0.0,1.0,0.0,199.0,R_3
643,933000320697635,KAL651,F,MUSC17,MUSC,1146.67,5540.0,9.0,2.95,2.0,0.0,1.0,0.0,187.0,R_3
644,933000320697626,KAL652,F,MUSC17,MUSC,420.0,4760.0,4.0,2.833333333,2.0,0.0,1.0,0.0,181.0,R_3
645,933000320697627,KAL653,M,MUSC17,MUSC,366.67,5200.0,9.0,2.475,2.0,0.0,1.0,0.0,364.0,R_1
646,933000320697629,KAL655,F,MUSC17,MUSC,613.33,8780.0,9.0,2.366666667,2.0,0.0,1.0,0.0,193.0,R_3
647,933000320697630,KAL656,F,MUSC17,MUSC,1000.0,7500.0,9.0,3.275,2.0,0.0,1.0,0.0,184.0,R_3
648,933000320697598,KAL657,M,MUSC17,MUSC,326.67,4840.0,4.0,3.775,2.0,0.0,1.0,0.0,311.0,R_1
649,933000320697596,KAL659,F,MUSC17,MUSC,26.67,4720.0,2.0,2.8,2.0,0.0,1.0,0.0,183.0,R_3
650,933000320697597,KAL660,F,MUSC17,MUSC,573.33,6180.0,6.0,2.875,2.0,0.0,1.0,0.0,182.0,R_3
651,933000320697588,KAL661,M,MUSC17,MUSC,53.33,2440.0,4.0,3.35,2.0,0.0,1.0,0.0,244.0,R_2
652,933000320047068,IT082,M,Unicam_03,UCAM,-106.6666667,2160.0,2.0,3.325,3.0,0.0,0.0,1.0,343.0,46_2
653,933000320047056,IT086,M,Unicam_03,UCAM,60.0,960.0,0.0,2.65,3.0,0.0,0.0,1.0,274.0,46_4
654,933000320047209,IT098,M,Unicam_03,UCAM,-326.6666667,1720.0,0.0,2.75,3.0,0.0,0.0,1.0,320.0,46_8
655,933000320047207,IT108,F,Unicam_03,UCAM,260.0,3180.0,2.0,2.375,3.0,0.0,0.0,1.0,220.0,48_4
656,933000320047190,IT109,M,Unicam_03,UCAM,-240.0,4500.0,4.0,2.95,3.0,0.0,0.0,1.0,276.0,48_5
657,933000320047193,IT119,F,Unicam_03,UCAM,33.33333333,4600.0,2.0,2.725,3.0,0.0,0.0,1.0,207.0,48_7
658,933000320047977,IT124,F,Unicam_04,UCAM,-540.0,2700.0,0.0,1.85,3.0,0.0,0.0,1.0,161.0,46_2
659,933000320047801,IT134,M,Unicam_04,UCAM,-33.33333333,140.0,2.0,2.2,3.0,0.0,0.0,1.0,236.0,46_6
660,933000320186861,IT162,M,Unicam_05,UCAM,146.6666667,1200.0,2.0,1.35,3.0,0.0,0.0,1.0,310.0,46_1
661,933000320187007,IT194,M,Unicam_05,UCAM,46.66666667,400.0,2.0,2.35,3.0,0.0,0.0,1.0,320.0,48_6
662,933000320187014,IT196,F,Unicam_05,UCAM,-46.66666667,560.0,2.0,2.575,3.0,0.0,0.0,1.0,202.0,48_8
663,933000320187292,IT236,F,Unicam_06,UCAM,113.3333333,6400.0,2.0,0.95,3.0,0.0,0.0,1.0,180.0,50_2
664,933000320048117,IT256,F,unicam_07,UCAM,320.0,2200.0,2.0,2.5,3.0,0.0,0.0,1.0,187.0,46_6
665,933000320048658,IT279,F,unicam_07,UCAM,313.3333333,3160.0,2.0,2.275,3.0,0.0,0.0,1.0,192.0,47_3
666,933000320048981,IT281,M,unicam_08,UCAM,-220.0,3740.0,4.0,3.3,3.0,0.0,0.0,1.0,380.0,46_1
667,933000320187465,IT304,F,unicam_08,UCAM,-153.3333333,7900.0,2.0,2.4,3.0,0.0,0.0,1.0,179.0,48_2
668,933000320048421,IT307,F,unicam_08,UCAM,-300.0,4740.0,2.0,2.575,3.0,0.0,0.0,1.0,175.0,48_3
669,933000320048406,IT308,F,unicam_08,UCAM,-273.3333333,4680.0,2.0,1.825,3.0,0.0,0.0,1.0,157.0,48_4
670,933000320188072,IT321,M,unicam_09,UCAM,110.0,2440.0,4.0,1.475,3.0,0.0,0.0,1.0,236.0,46_1
671,933000320188059,IT327,F,unicam_09,UCAM,-533.3333333,6920.0,2.0,1.175,3.0,0.0,0.0,1.0,,
672,933000320188415,IT334,M,unicam_09,UCAM,-40.0,1900.0,4.0,3.125,3.0,0.0,0.0,1.0,311.0,46_6
673,933000320188419,IT337,M,unicam_09,UCAM,-136.6666667,1460.0,2.0,2.65,3.0,0.0,0.0,1.0,350.0,46_7
674,933000320188378,IT345,M,unicam_09,UCAM,46.66666667,1260.0,0.0,2.35,3.0,0.0,0.0,1.0,258.0,48_3
675,933000320188586,IT361,M,unicam_10,UCAM,-6.666666667,100.0,0.0,1.025,3.0,0.0,0.0,1.0,313.0,46_1
676,933000320188583,IT363,F,unicam_10,UCAM,200.0,1820.0,4.0,1.575,3.0,0.0,0.0,1.0,175.0,46_1
677,933000320188225,IT373,M,unicam_10,UCAM,-320.0,3260.0,2.0,3.175,3.0,0.0,0.0,1.0,303.0,46_5
678,933000320188210,IT374,M,unicam_10,UCAM,-226.6666667,2140.0,2.0,2.475,3.0,0.0,0.0,1.0,305.0,46_6
679,933000320188205,IT380,F,unicam_10,UCAM,86.66666667,1820.0,2.0,0.825,3.0,0.0,0.0,1.0,157.0,46_8
680,933000320188079,IT388,F,unicam_10,UCAM,-213.3333333,4520.0,4.0,1.6,3.0,0.0,0.0,1.0,180.0,48_4
681,933000320188457,IT391,F,unicam_10,UCAM,-213.3333333,3540.0,4.0,1.625,3.0,0.0,0.0,1.0,179.0,48_5
682,933000320188136,IT419,F,unicam_11,UCAM,-100.0,4320.0,6.0,1.55,3.0,0.0,0.0,1.0,187.0,46_7
683,933000320188137,IT421,M,unicam_11,UCAM,-46.66666667,1960.0,4.0,2.75,3.0,0.0,0.0,1.0,,
684,933000320188140,IT425,M,unicam_11,UCAM,60.0,4540.0,2.0,2.125,3.0,0.0,0.0,1.0,,
685,933000320188139,IT426,M,unicam_11,UCAM,-86.66666667,2880.0,0.0,3.125,3.0,0.0,0.0,1.0,,
686,933000320188344,IT441,M,unicam_12,UCAM,-386.6666667,5340.0,2.0,2.15,3.0,0.0,0.0,1.0,272.0,46_1
687,933000320188348,IT442,M,unicam_12,UCAM,-506.6666667,4520.0,4.0,2.25,3.0,0.0,0.0,1.0,284.0,46_2
688,933000320188343,IT443,F,unicam_12,UCAM,-360.0,4920.0,4.0,1.725,3.0,0.0,0.0,1.0,192.0,46_1
689,933000320188335,IT446,M,unicam_12,UCAM,60.0,2100.0,2.0,2.45,3.0,0.0,0.0,1.0,308.0,46_4
690,933000320188327,IT447,F,unicam_12,UCAM,-446.6666667,4040.0,4.0,2.425,3.0,0.0,0.0,1.0,185.0,46_3
691,933000320499876,IT454,M,unicam_12,UCAM,-213.3333333,2240.0,2.0,2.825,3.0,0.0,0.0,1.0,325.0,46_6
692,933000320499884,IT455,F,unicam_12,UCAM,-293.3333333,5780.0,4.0,2.55,3.0,0.0,0.0,1.0,163.0,46_5
693,933000320499882,IT456,F,unicam_12,UCAM,-540.0,2780.0,0.0,1.75,3.0,0.0,0.0,1.0,187.0,46_6
694,933000320499879,IT457,M,unicam_12,UCAM,-40.0,1160.0,0.0,2.6,3.0,0.0,0.0,1.0,305.0,46_7
695,933000320499880,IT458,M,unicam_12,UCAM,66.66666667,4300.0,0.0,2.5,3.0,0.0,0.0,1.0,300.0,46_8
696,933000320499796,IT459,F,unicam_12,UCAM,-533.3333333,4140.0,2.0,2.35,3.0,0.0,0.0,1.0,198.0,46_7
697,933000320499797,IT460,F,unicam_12,UCAM,-653.3333333,4320.0,2.0,3.025,3.0,0.0,0.0,1.0,200.0,46_8
698,933000320500245,IT461,M,unicam_12,UCAM,-233.3333333,3000.0,4.0,3.1,3.0,0.0,0.0,1.0,295.0,48_1
699,933000320499779,IT463,F,unicam_12,UCAM,-106.6666667,4200.0,4.0,2.675,3.0,0.0,0.0,1.0,204.0,48_1
700,933000320499749,IT470,M,unicam_12,UCAM,-200.0,1020.0,2.0,1.425,3.0,0.0,0.0,1.0,312.0,48_5
701,933000320499741,IT472,F,unicam_12,UCAM,-146.6666667,5640.0,2.0,2.475,3.0,0.0,0.0,1.0,248.0,48_5
702,933000320499919,IT479,F,unicam_12,UCAM,-133.3333333,5040.0,4.0,1.25,3.0,0.0,0.0,1.0,190.0,48_7
703,933000320499924,IT480,F,unicam_12,UCAM,-573.3333333,5380.0,2.0,2.1,3.0,0.0,0.0,1.0,188.0,48_8
704,933000320499967,IT482,M,unicam_13,UCAM,-146.6666667,3600.0,2.0,3.25,3.0,0.0,0.0,1.0,300.0,46_2
705,933000320499972,IT483,F,unicam_13,UCAM,-406.6666667,5940.0,2.0,2.175,3.0,0.0,0.0,1.0,206.0,46_1
706,933000320499971,IT484,F,unicam_13,UCAM,-260.0,3920.0,2.0,3.025,3.0,0.0,0.0,1.0,192.0,46_2
707,933000320500332,IT494,M,unicam_13,UCAM,-93.33333333,1700.0,2.0,2.5,3.0,0.0,0.0,1.0,278.0,46_6
708,933000320500335,IT495,F,unicam_13,UCAM,-206.6666667,4460.0,4.0,1.75,3.0,0.0,0.0,1.0,199.0,46_5
709,933000320500317,IT497,M,unicam_13,UCAM,-66.66666667,4620.0,4.0,2.025,3.0,0.0,0.0,1.0,311.0,46_7
710,933000320500116,IT501,M,unicam_13,UCAM,-193.3333333,2880.0,2.0,2.325,3.0,0.0,0.0,1.0,335.0,48_1
711,933000320500121,IT502,M,unicam_13,UCAM,-106.6666667,2120.0,2.0,3.275,3.0,0.0,0.0,1.0,258.0,48_2
712,933000320500123,IT504,F,unicam_13,UCAM,-53.33333333,4860.0,2.0,3.075,3.0,0.0,0.0,1.0,163.0,48_2
713,933000320500110,IT505,M,unicam_13,UCAM,-213.3333333,3500.0,4.0,3.175,3.0,0.0,0.0,1.0,295.0,48_3
714,933000320500101,IT506,M,unicam_13,UCAM,-100.0,4160.0,4.0,2.325,3.0,0.0,0.0,1.0,330.0,48_4
715,933000320500114,IT507,F,unicam_13,UCAM,320.0,3560.0,4.0,1.325,3.0,0.0,0.0,1.0,202.0,48_3
716,933000320500109,IT508,F,unicam_13,UCAM,-6.666666667,3520.0,0.0,2.325,3.0,0.0,0.0,1.0,200.0,48_4
717,933000320500313,IT510,M,unicam_13,UCAM,-80.0,4840.0,0.0,1.975,3.0,0.0,0.0,1.0,282.0,48_6
718,933000320500314,IT511,F,unicam_13,UCAM,40.0,1500.0,2.0,2.625,3.0,0.0,0.0,1.0,192.0,48_5
719,933000320500305,IT513,M,unicam_13,UCAM,-66.66666667,1400.0,2.0,2.925,3.0,0.0,0.0,1.0,315.0,48_7
720,933000320500303,IT514,M,unicam_13,UCAM,-453.3333333,3000.0,2.0,2.0,3.0,0.0,0.0,1.0,343.0,48_8
721,933000320500304,IT515,F,unicam_13,UCAM,-280.0,4320.0,2.0,2.3,3.0,0.0,0.0,1.0,172.0,48_7
722,933000320500196,IT516,F,unicam_13,UCAM,20.0,1200.0,0.0,2.9,3.0,0.0,0.0,1.0,160.0,48_8
723,933000320500409,IT523,F,unicam_14,UCAM,-100.0,4220.0,0.0,1.75,3.0,0.0,0.0,1.0,189.0,46_1
724,933000320500390,IT527,F,unicam_14,UCAM,-546.6666667,5000.0,0.0,3.075,3.0,0.0,0.0,1.0,182.0,46_3
725,933000320500376,IT533,M,unicam_14,UCAM,66.66666667,1880.0,2.0,1.8,3.0,0.0,0.0,1.0,330.0,46_5
726,933000320500046,IT536,F,unicam_14,UCAM,320.0,5080.0,0.0,1.525,3.0,0.0,0.0,1.0,166.0,46_6
727,933000320500044,IT537,M,unicam_14,UCAM,46.66666667,3500.0,2.0,2.325,3.0,0.0,0.0,1.0,300.0,46_7
728,933000320500041,IT538,M,unicam_14,UCAM,-166.6666667,4480.0,4.0,2.6,3.0,0.0,0.0,1.0,380.0,46_8
729,933000320500043,IT539,F,unicam_14,UCAM,300.0,3720.0,2.0,1.775,3.0,0.0,0.0,1.0,190.0,46_7
730,933000320500293,IT542,M,unicam_14,UCAM,-733.3333333,4660.0,2.0,2.2,3.0,0.0,0.0,1.0,287.0,48_2
731,933000320500295,IT544,F,unicam_14,UCAM,-246.6666667,5680.0,2.0,3.025,3.0,0.0,0.0,1.0,184.0,48_2
732,933000320500289,IT547,F,unicam_14,UCAM,93.33333333,2480.0,2.0,2.7,3.0,0.0,0.0,1.0,198.0,48_3
733,933000320500290,IT548,F,unicam_14,UCAM,-333.3333333,7560.0,2.0,1.475,3.0,0.0,0.0,1.0,192.0,48_4
734,933000320500032,IT551,F,unicam_14,UCAM,-806.6666667,5480.0,0.0,2.675,3.0,0.0,0.0,1.0,198.0,48_5
735,933000320500034,IT552,F,unicam_14,UCAM,20.0,5920.0,2.0,1.55,3.0,0.0,0.0,1.0,192.0,48_6
736,933000320500030,IT556,F,unicam_14,UCAM,-33.33333333,6960.0,2.0,1.7,3.0,0.0,0.0,1.0,191.0,48_8
737,933000320500143,IT558,M,unicam_14,UCAM,86.66666667,2300.0,4.0,2.6,3.0,0.0,0.0,1.0,294.0,47_1
738,933000320500150,IT559,F,unicam_14,UCAM,0.0,2920.0,2.0,2.2,3.0,0.0,0.0,1.0,198.0,47_2
739,933000320525336,IT563,F,unicam_16,UCAM,0.0,100.0,0.0,2.425,3.0,0.0,0.0,1.0,183.0,46_1
740,933000320525279,IT564,F,unicam_16,UCAM,-440.0,5440.0,0.0,2.75,3.0,0.0,0.0,1.0,165.0,46_2
741,933000320525331,IT567,F,unicam_16,UCAM,13.33333333,320.0,0.0,2.975,3.0,0.0,0.0,1.0,188.0,46_3
742,933000320525438,IT574,M,unicam_16,UCAM,-126.6666667,1060.0,2.0,1.475,3.0,0.0,0.0,1.0,226.0,46_5
743,933000320525451,IT583,F,unicam_16,UCAM,-506.6666667,4060.0,4.0,2.15,3.0,0.0,0.0,1.0,152.0,46_8
744,933000320525493,IT585,M,unicam_16,UCAM,-113.3333333,3920.0,2.0,2.625,3.0,0.0,0.0,1.0,232.0,48_2
745,933000320525497,IT586,M,unicam_16,UCAM,-413.3333333,5340.0,2.0,2.25,3.0,0.0,0.0,1.0,237.0,48_3
746,933000320525496,IT587,F,unicam_16,UCAM,-873.3333333,6880.0,4.0,1.45,3.0,0.0,0.0,1.0,,
747,933000320525495,IT588,F,unicam_16,UCAM,100.0,3640.0,4.0,1.025,3.0,0.0,0.0,1.0,162.0,48_3
748,933000320525481,IT591,F,unicam_16,UCAM,-360.0,6100.0,2.0,1.9,3.0,0.0,0.0,1.0,183.0,48_4
749,933000320697474,IT594,M,unicam_16,UCAM,-140.0,2360.0,2.0,2.2,3.0,0.0,0.0,1.0,229.0,48_7
750,933000320697472,IT596,F,unicam_16,UCAM,-6.666666667,5920.0,0.0,2.075,3.0,0.0,0.0,1.0,160.0,48_7
751,933000320697461,IT597,M,unicam_16,UCAM,-326.6666667,2380.0,0.0,3.55,3.0,0.0,0.0,1.0,196.0,48_8
752,933000320697469,IT599,F,unicam_16,UCAM,6.666666667,5020.0,0.0,2.075,3.0,0.0,0.0,1.0,123.0,48_8
753,933000320046651,KAL041,M,MUSC02,MUSC,-53.33333333,620.0,9.0,1.9,3.0,0.0,0.0,1.0,225.0,O_5
754,933000320046669,KAL043,F,MUSC02,MUSC,260.0,3600.0,6.0,2.55,3.0,0.0,0.0,1.0,146.0,O_1
755,933000320047066,KAL089,M,MUSC03,MUSC,-133.3333333,4080.0,4.0,2.425,3.0,0.0,0.0,1.0,199.0,R_1
756,933000320047736,KAL137,M,MUSC04,MUSC,-266.6666667,4920.0,1.0,1.575,3.0,0.0,0.0,1.0,295.0,O_1
757,933000320047734,KAL140,F,MUSC04,MUSC,-606.6666667,9560.0,4.0,2.35,3.0,0.0,0.0,1.0,192.0,O_3
758,933000320186946,KAL164,F,MUSC05,MUSC,-6.666666667,2820.0,6.0,2.125,3.0,0.0,0.0,1.0,210.0,R_3
759,933000320186943,KAL169,M,MUSC05,MUSC,13.33333333,3600.0,4.0,1.675,3.0,0.0,0.0,1.0,270.0,R_1
760,933000320186949,KAL170,M,MUSC05,MUSC,-53.33333333,3600.0,6.0,2.1,3.0,0.0,0.0,1.0,249.0,R_1
761,933000320187103,KAL182,M,MUSC05,MUSC,-33.33333333,4580.0,4.0,2.325,3.0,0.0,0.0,1.0,218.0,R_2
762,933000320187020,KAL185,M,MUSC05,MUSC,-26.66666667,4200.0,0.0,1.7,3.0,0.0,0.0,1.0,237.0,L_2
763,933000320187017,KAL192,F,MUSC05,MUSC,-206.6666667,4240.0,2.0,1.925,3.0,0.0,0.0,1.0,145.0,L_4
764,933000320187002,KAL193,M,MUSC05,MUSC,-620.0,3100.0,9.0,2.3,3.0,0.0,0.0,1.0,224.0,L_2
765,933000320187349,KAL202,M,MUSC06,MUSC,-66.66666667,2280.0,2.0,1.7,3.0,0.0,0.0,1.0,258.0,R_1
766,933000320048186,KAL203,F,MUSC06,MUSC,266.6666667,2480.0,2.0,1.85,3.0,0.0,0.0,1.0,173.0,R_3
767,933000320187350,KAL205,M,MUSC06,MUSC,-106.6666667,2500.0,9.0,2.4,3.0,0.0,0.0,1.0,277.0,R_1
768,933000320187339,KAL206,M,MUSC06,MUSC,-20.0,360.0,0.0,2.6,3.0,0.0,0.0,1.0,300.0,R_1
769,933000320187330,KAL208,F,MUSC06,MUSC,133.3333333,3100.0,4.0,2.225,3.0,0.0,0.0,1.0,193.0,R_3
770,933000320187254,KAL213,M,MUSC06,MUSC,246.6666667,2800.0,12.0,1.6,3.0,0.0,0.0,1.0,270.0,R_1
771,933000320187384,KAL221,M,MUSC06,MUSC,-300.0,1780.0,2.0,2.225,3.0,0.0,0.0,1.0,268.0,R_2
772,933000320187285,KAL225,M,MUSC06,MUSC,-80.0,740.0,0.0,2.35,3.0,0.0,0.0,1.0,221.0,L_2
773,933000320187283,KAL226,M,MUSC06,MUSC,153.3333333,2260.0,6.0,2.25,3.0,0.0,0.0,1.0,240.0,L_2
774,933000320187298,KAL230,M,MUSC06,MUSC,-93.33333333,4740.0,2.0,2.25,3.0,0.0,0.0,1.0,242.0,L_2
775,933000320048323,KAL241,M,MUSC07,MUSC,-46.66666667,1600.0,1.0,2.025,3.0,0.0,0.0,1.0,283.0,R_1
776,933000320048316,KAL243,F,MUSC07,MUSC,80.0,4700.0,1.0,1.95,3.0,0.0,0.0,1.0,184.0,R_3
777,933000320048118,KAL249,M,MUSC07,MUSC,93.33333333,5880.0,9.0,1.925,3.0,0.0,0.0,1.0,296.0,R_1
778,933000320048159,KAL257,M,MUSC07,MUSC,-60.0,6020.0,1.0,2.45,3.0,0.0,0.0,1.0,261.0,R_1
779,933000320048076,KAL263,F,MUSC07,MUSC,-140.0,5500.0,4.0,2.35,3.0,0.0,0.0,1.0,200.0,R_4
780,933000320048080,KAL264,F,MUSC07,MUSC,-66.66666667,3800.0,6.0,2.35,3.0,0.0,0.0,1.0,154.0,R_4
781,933000320048280,KAL265,M,MUSC07,MUSC,-113.3333333,520.0,0.0,2.2,3.0,0.0,0.0,1.0,231.0,L_2
782,933000320048278,KAL266,M,MUSC07,MUSC,46.66666667,2300.0,4.0,2.325,3.0,0.0,0.0,1.0,269.0,L_2
783,933000320048709,KAL291,F,MUSC08,MUSC,-86.67,3540.0,6.0,1.75,3.0,0.0,0.0,1.0,180.0,R_3
784,933000320049052,KAL295,F,MUSC08,MUSC,-540.0,5040.0,4.0,2.2,3.0,0.0,0.0,1.0,200.0,R_3
785,933000320049053,KAL297,M,MUSC08,MUSC,413.33,3080.0,6.0,2.25,3.0,0.0,0.0,1.0,284.0,R_1
786,933000320187452,KAL302,M,MUSC08,MUSC,0.0,4920.0,6.0,2.3,3.0,0.0,0.0,1.0,300.0,R_2
787,933000320048419,KAL307,F,MUSC08,MUSC,-1060.0,6320.0,4.0,2.225,3.0,0.0,0.0,1.0,197.0,L_4
788,933000320048423,KAL311,F,MUSC08,MUSC,113.33,4980.0,4.0,2.625,3.0,0.0,0.0,1.0,159.0,L_4
789,933000320188071,KAL324,F,MUSC09,MUSC,580.0,3500.0,9.0,2.075,3.0,0.0,0.0,1.0,208.0,R_3
790,933000320188057,KAL325,M,MUSC09,MUSC,-153.33,1080.0,1.0,1.9,3.0,0.0,0.0,1.0,288.0,R_1
791,933000320188064,KAL326,M,MUSC09,MUSC,80.0,860.0,2.0,2.0,3.0,0.0,0.0,1.0,278.0,R_1
792,933000320188054,KAL327,F,MUSC09,MUSC,-226.67,5300.0,4.0,2.35,3.0,0.0,0.0,1.0,192.0,R_3
793,933000320188412,KAL337,M,MUSC09,MUSC,-53.33,940.0,1.0,2.65,3.0,0.0,0.0,1.0,262.0,R_1
794,933000320188381,KAL341,M,MUSC09,MUSC,140.0,3100.0,1.0,1.9,3.0,0.0,0.0,1.0,234.0,R_2
795,933000320188246,KAL345,M,MUSC09,MUSC,-20.0,2220.0,2.0,2.05,3.0,0.0,0.0,1.0,247.0,L_2
796,933000320188247,KAL346,M,MUSC09,MUSC,220.0,4240.0,4.0,2.3,3.0,0.0,0.0,1.0,227.0,L_2
797,933000320188239,KAL350,M,MUSC09,MUSC,-73.33,3900.0,2.0,2.375,3.0,0.0,0.0,1.0,258.0,L_2
798,933000320188241,KAL351,F,MUSC09,MUSC,673.33,6520.0,4.0,1.7,3.0,0.0,0.0,1.0,180.0,L_4
799,933000320188249,KAL352,F,MUSC09,MUSC,160.0,8900.0,6.0,2.05,3.0,0.0,0.0,1.0,168.0,L_4
800,933000320188240,KAL355,F,MUSC09,MUSC,73.33,7340.0,6.0,1.475,3.0,0.0,0.0,1.0,214.0,L_4
801,933000320188245,KAL356,F,MUSC09,MUSC,-240.0,8220.0,4.0,2.55,3.0,0.0,0.0,1.0,192.0,L_4
802,933000320188579,KAL362,M,MUSC10,MUSC,320.0,4480.0,6.0,1.95,3.0,0.0,0.0,1.0,313.0,R_1
803,933000320188578,KAL364,F,MUSC10,MUSC,140.0,3140.0,4.0,2.375,3.0,0.0,0.0,1.0,210.0,R_3
804,933000320188216,KAL369,M,MUSC10,MUSC,-66.67,3760.0,2.0,1.625,3.0,0.0,0.0,1.0,263.0,R_1
805,933000320188214,KAL370,M,MUSC10,MUSC,106.67,3920.0,2.0,1.95,3.0,0.0,0.0,1.0,230.0,R_1
806,933000320188215,KAL371,F,MUSC10,MUSC,133.33,4600.0,6.0,2.55,3.0,0.0,0.0,1.0,172.0,R_3
807,933000320188209,KAL372,F,MUSC10,MUSC,-400.0,10100.0,4.0,1.825,3.0,0.0,0.0,1.0,185.0,R_3
808,933000320188213,KAL373,M,MUSC10,MUSC,-186.67,1640.0,2.0,2.125,3.0,0.0,0.0,1.0,318.0,R_1
809,933000320188084,KAL378,M,MUSC10,MUSC,-33.33,5200.0,4.0,1.875,3.0,0.0,0.0,1.0,267.0,R_1
810,933000320188087,KAL379,F,MUSC10,MUSC,360.0,2220.0,4.0,2.325,3.0,0.0,0.0,1.0,184.0,R_3
811,933000320188094,KAL380,F,MUSC10,MUSC,-80.0,5640.0,4.0,2.725,3.0,0.0,0.0,1.0,190.0,R_3
812,933000320188089,KAL381,M,MUSC10,MUSC,426.67,4080.0,1.0,2.25,3.0,0.0,0.0,1.0,280.0,R_2
813,933000320188090,KAL383,F,MUSC10,MUSC,-100.0,4920.0,0.0,2.3,3.0,0.0,0.0,1.0,182.0,R_4
814,933000320188092,KAL384,F,MUSC10,MUSC,-133.33,3540.0,2.0,1.85,3.0,0.0,0.0,1.0,184.0,R_4
815,933000320188460,KAL389,M,MUSC10,MUSC,-53.33,880.0,1.0,1.625,3.0,0.0,0.0,1.0,288.0,L_2
816,933000320188516,KAL401,M,MUSC11,MUSC,-127.0,2100.0,1.0,1.475,3.0,0.0,0.0,1.0,271.0,R_1
817,933000320188521,KAL407,F,MUSC11,MUSC,-27.0,5500.0,12.0,2.15,3.0,0.0,0.0,1.0,200.0,R_3
818,933000320188526,KAL409,M,MUSC11,MUSC,0.0,5480.0,9.0,2.075,3.0,0.0,0.0,1.0,315.0,R_1
819,933000320188545,KAL410,M,MUSC11,MUSC,20.0,3100.0,4.0,2.2,3.0,0.0,0.0,1.0,328.0,R_1
820,933000320188532,KAL411,F,MUSC11,MUSC,-107.0,5580.0,9.0,2.425,3.0,0.0,0.0,1.0,179.0,R_3
821,933000320188528,KAL412,F,MUSC11,MUSC,-507.0,4520.0,1.0,2.4,3.0,0.0,0.0,1.0,178.0,R_3
822,933000320188530,KAL413,M,MUSC11,MUSC,-113.0,1300.0,2.0,2.475,3.0,0.0,0.0,1.0,299.0,R_1
823,933000320188145,KAL419,F,MUSC11,MUSC,-53.0,980.0,2.0,2.35,3.0,0.0,0.0,1.0,177.0,R_3
824,933000320188143,KAL421,M,MUSC11,MUSC,-200.0,3240.0,1.0,1.925,3.0,0.0,0.0,1.0,253.0,R_2
825,933000320188150,KAL422,M,MUSC11,MUSC,-180.0,6680.0,6.0,2.45,3.0,0.0,0.0,1.0,279.0,R_2
826,933000320188142,KAL424,F,MUSC11,MUSC,-307.0,4340.0,2.0,2.45,3.0,0.0,0.0,1.0,169.0,R_4
827,933000320188138,KAL425,M,MUSC11,MUSC,233.0,3720.0,6.0,1.775,3.0,0.0,0.0,1.0,273.0,L_2
828,933000320188141,KAL426,M,MUSC11,MUSC,-133.0,2960.0,4.0,2.6,3.0,0.0,0.0,1.0,246.0,L_2
829,933000320188347,KAL441,M,MUSC12,MUSC,40.0,1300.0,4.0,1.475,3.0,0.0,0.0,1.0,299.0,R_1
830,933000320188345,KAL444,F,MUSC12,MUSC,-140.0,5880.0,12.0,2.65,3.0,0.0,0.0,1.0,180.0,R_3
831,933000320499897,KAL445,M,MUSC12,MUSC,-127.0,3180.0,6.0,1.825,3.0,0.0,0.0,1.0,261.0,R_1
832,933000320499896,KAL446,M,MUSC12,MUSC,-73.0,2900.0,4.0,2.6,3.0,0.0,0.0,1.0,277.0,R_1
833,933000320188326,KAL447,F,MUSC12,MUSC,-733.0,11060.0,4.0,1.8,3.0,0.0,0.0,1.0,180.0,R_3
834,933000320499887,KAL450,M,MUSC12,MUSC,-67.0,1400.0,4.0,2.0,3.0,0.0,0.0,1.0,265.0,R_1
835,933000320499885,KAL454,M,MUSC12,MUSC,-120.0,2800.0,4.0,1.925,3.0,0.0,0.0,1.0,282.0,R_1
836,933000320499794,KAL457,M,MUSC12,MUSC,253.0,3660.0,2.0,2.45,3.0,0.0,0.0,1.0,286.0,R_1
837,933000320499793,KAL459,F,MUSC12,MUSC,-113.0,520.0,2.0,1.05,3.0,0.0,0.0,1.0,222.0,R_3
838,933000320500235,KAL464,F,MUSC12,MUSC,-53.0,4600.0,4.0,2.7,3.0,0.0,0.0,1.0,188.0,R_4
839,933000320500238,KAL465,M,MUSC12,MUSC,-120.0,1860.0,2.0,1.8,3.0,0.0,0.0,1.0,238.0,L_2
840,933000320500233,KAL466,M,MUSC12,MUSC,320.0,2200.0,9.0,1.975,3.0,0.0,0.0,1.0,253.0,L_2
841,933000320500232,KAL468,F,MUSC12,MUSC,227.0,8760.0,6.0,2.375,3.0,0.0,0.0,1.0,171.0,L_4
842,933000320499743,KAL469,M,MUSC12,MUSC,-20.0,300.0,2.0,1.95,3.0,0.0,0.0,1.0,311.0,L_2
843,933000320499737,KAL471,F,MUSC12,MUSC,-173.0,3840.0,1.0,1.875,3.0,0.0,0.0,1.0,198.0,L_4
844,933000320499975,KAL482,M,MUSC13,MUSC,-60.0,2680.0,2.0,2.475,3.0,0.0,0.0,1.0,300.0,R_1
845,933000320499973,KAL483,F,MUSC13,MUSC,213.0,3260.0,1.0,2.3,3.0,0.0,0.0,1.0,200.0,R_3
846,933000320499953,KAL485,M,MUSC13,MUSC,-40.0,3740.0,4.0,1.4,3.0,0.0,0.0,1.0,275.0,R_1
847,933000320499959,KAL486,M,MUSC13,MUSC,-7.0,5420.0,2.0,2.025,3.0,0.0,0.0,1.0,275.0,R_1
848,933000320499951,KAL488,F,MUSC13,MUSC,67.0,2500.0,2.0,2.325,3.0,0.0,0.0,1.0,202.0,R_3
849,933000320500338,KAL489,M,MUSC13,MUSC,47.0,2480.0,1.0,1.95,3.0,0.0,0.0,1.0,332.0,R_1
850,933000320500339,KAL490,M,MUSC13,MUSC,107.0,1580.0,2.0,2.35,3.0,0.0,0.0,1.0,280.0,R_1
851,933000320500344,KAL491,F,MUSC13,MUSC,120.0,4900.0,4.0,2.0,3.0,0.0,0.0,1.0,191.0,R_3
852,933000320500325,KAL498,M,MUSC13,MUSC,-153.0,4760.0,2.0,2.6,3.0,0.0,0.0,1.0,287.0,R_1
853,933000320500316,KAL500,F,MUSC13,MUSC,-113.0,7260.0,9.0,2.3,3.0,0.0,0.0,1.0,180.0,R_3
854,933000320500117,KAL501,M,MUSC13,MUSC,-93.0,1280.0,1.0,1.975,3.0,0.0,0.0,1.0,305.0,R_2
855,933000320500124,KAL502,M,MUSC13,MUSC,-53.0,4020.0,2.0,1.95,3.0,0.0,0.0,1.0,246.0,R_2
856,933000320500125,KAL504,F,MUSC13,MUSC,80.0,1480.0,2.0,2.15,3.0,0.0,0.0,1.0,143.0,R_4
857,933000320500104,KAL505,M,MUSC13,MUSC,-113.0,2720.0,1.0,2.625,3.0,0.0,0.0,1.0,301.0,L_2
858,933000320500102,KAL508,F,MUSC13,MUSC,233.0,8720.0,6.0,1.6,3.0,0.0,0.0,1.0,198.0,L_4
859,933000320500310,KAL512,F,MUSC13,MUSC,213.0,6380.0,9.0,2.4,3.0,0.0,0.0,1.0,190.0,L_4
860,933000320500405,KAL521,M,MUSC14,MUSC,333.0,3460.0,6.0,2.175,3.0,0.0,0.0,1.0,286.0,R_1
861,933000320500392,KAL528,F,MUSC14,MUSC,100.0,3080.0,6.0,1.125,3.0,0.0,0.0,1.0,170.0,R_3
862,933000320500383,KAL529,M,MUSC14,MUSC,-160.0,3500.0,4.0,2.0,3.0,0.0,0.0,1.0,319.0,R_1
863,933000320500398,KAL531,F,MUSC14,MUSC,100.0,3140.0,4.0,2.175,3.0,0.0,0.0,1.0,185.0,R_3
864,933000320500028,KAL552,F,MUSC14,MUSC,193.0,5100.0,0.0,2.125,3.0,0.0,0.0,1.0,165.0,L_4
865,933000320524199,KAL562,M,MUSC15,MUSC,360.0,4560.0,2.0,2.0,3.0,0.0,0.0,1.0,284.0,R_1
866,933000320524420,KAL569,M,MUSC15,MUSC,-80.0,2900.0,2.0,1.625,3.0,0.0,0.0,1.0,300.0,R_1
867,933000320524178,KAL570,M,MUSC15,MUSC,-20.0,5300.0,6.0,2.25,3.0,0.0,0.0,1.0,250.0,R_1
868,933000320524177,KAL571,F,MUSC15,MUSC,426.67,2440.0,9.0,2.375,3.0,0.0,0.0,1.0,192.0,R_3
869,933000320524176,KAL572,F,MUSC15,MUSC,193.33,3560.0,2.0,2.6,3.0,0.0,0.0,1.0,160.0,R_3
870,933000320524410,KAL574,M,MUSC15,MUSC,-20.0,780.0,2.0,2.725,3.0,0.0,0.0,1.0,311.0,R_1
871,933000320524401,KAL577,M,MUSC15,MUSC,173.33,4400.0,9.0,2.275,3.0,0.0,0.0,1.0,268.0,R_1
872,933000320524322,KAL579,F,MUSC15,MUSC,360.0,4060.0,2.0,2.025,3.0,0.0,0.0,1.0,171.0,R_3
873,933000320524312,KAL581,M,MUSC15,MUSC,-60.0,3820.0,2.0,2.3,3.0,0.0,0.0,1.0,269.0,R_2
874,933000320524303,KAL582,M,MUSC15,MUSC,-93.33,5000.0,2.0,2.25,3.0,0.0,0.0,1.0,286.0,R_2
875,933000320524302,KAL583,F,MUSC15,MUSC,440.0,5040.0,9.0,2.175,3.0,0.0,0.0,1.0,163.0,R_4
876,933000320524301,KAL584,F,MUSC15,MUSC,-73.33,1500.0,1.0,2.2,3.0,0.0,0.0,1.0,180.0,R_4
877,933000320525342,KAL602,M,MUSC16,MUSC,53.33,1800.0,2.0,1.85,3.0,0.0,0.0,1.0,318.0,R_1
878,933000320525328,KAL607,F,MUSC16,MUSC,33.33,3980.0,4.0,2.25,3.0,0.0,0.0,1.0,168.0,R_3
879,933000320525307,KAL609,M,MUSC16,MUSC,-293.33,2400.0,2.0,1.8,3.0,0.0,0.0,1.0,283.0,R_1
880,933000320525435,KAL613,M,MUSC16,MUSC,-40.0,1120.0,1.0,2.575,3.0,0.0,0.0,1.0,280.0,R_1
881,933000320525450,KAL617,M,MUSC16,MUSC,-220.0,1980.0,1.0,2.625,3.0,0.0,0.0,1.0,252.0,R_1
882,933000320525444,KAL620,F,MUSC16,MUSC,160.0,8640.0,9.0,2.075,3.0,0.0,0.0,1.0,,
883,933000320525494,KAL621,M,MUSC16,MUSC,-46.67,2500.0,2.0,2.625,3.0,0.0,0.0,1.0,270.0,R_2
884,933000320525500,KAL622,M,MUSC16,MUSC,-126.67,4120.0,6.0,2.65,3.0,0.0,0.0,1.0,,
885,933000320697645,KAL642,M,MUSC17,MUSC,-153.33,5160.0,2.0,1.85,3.0,0.0,0.0,1.0,273.0,R_1
886,933000320697641,KAL646,M,MUSC17,MUSC,-173.33,3860.0,2.0,1.65,3.0,0.0,0.0,1.0,278.0,R_1
887,933000320697632,KAL649,M,MUSC17,MUSC,-53.33,5780.0,4.0,2.45,3.0,0.0,0.0,1.0,295.0,R_1
888,933000320697631,KAL650,M,MUSC17,MUSC,86.67,2160.0,6.0,2.05,3.0,0.0,0.0,1.0,268.0,R_1
889,933000320697633,KAL664,F,MUSC17,MUSC,-140.0,2040.0,0.0,2.475,3.0,0.0,0.0,1.0,196.0,R_4
